sample_count, ms, RAW_Acc X1, RAW_Acc Y1, RAW_Acc Z1, RAW_Gyro X1, RAW_Gyro Y1, RAW_Gyro Z1, RAW_Acc X2, RAW_Acc Y2, RAW_Acc Z2, RAW_Gyro X2, RAW_Gyro Y2, RAW_Gyro Z2
0,0,-5012,-930,6302,-855,-1710,349,996,-1820,7994,-11,-231,-376,0,0,0,0,0,0,0,0,0,0,0,0
1,1,-5242,-998,6300,-853,-1711,350,864,-1666,7616,-16,-236,-376,0,0,0,0,0,0,0,0,0,0,0,0
2,3,-5242,-998,6300,-853,-1711,350,648,-1918,7720,-23,-245,-365,0,0,0,0,0,0,0,0,0,0,0,0
3,5,-5116,-1142,6378,-859,-1726,347,954,-2076,7900,-26,-246,-364,0,0,0,0,0,0,0,0,0,0,0,0
4,7,-5194,-1170,6408,-863,-1728,347,724,-1838,8058,-32,-247,-368,0,0,0,0,0,0,0,0,0,0,0,0
5,9,-5406,-996,6142,-857,-1727,347,870,-1770,7842,-36,-248,-368,0,0,0,0,0,0,0,0,0,0,0,0
6,11,-5778,-1506,6092,-854,-1726,348,712,-1618,7876,-34,-251,-366,0,0,0,0,0,0,0,0,0,0,0,0
7,13,-5246,-988,6872,-852,-1724,348,1038,-1936,7800,-36,-249,-364,0,0,0,0,0,0,0,0,0,0,0,0
8,15,-5288,-1384,6228,-853,-1715,350,756,-1806,7974,-39,-249,-363,0,0,0,0,0,0,0,0,0,0,0,0
9,17,-5388,-1016,6132,-859,-1710,350,804,-2024,7874,-37,-251,-361,0,0,0,0,0,0,0,0,0,0,0,0
10,19,-5808,-1344,5588,-857,-1715,353,746,-1416,7836,-43,-255,-362,0,0,0,0,0,0,0,0,0,0,0,0
11,21,-5398,-1328,6230,-856,-1713,345,606,-1732,7834,-45,-252,-368,0,0,0,0,0,0,0,0,0,0,0,0
12,23,-5272,-1304,5816,-858,-1709,340,442,-2222,8160,-46,-249,-366,0,0,0,0,0,0,0,0,0,0,0,0
13,25,-5318,-934,6280,-852,-1700,342,596,-1808,8206,-54,-251,-362,0,0,0,0,0,0,0,0,0,0,0,0
14,28,-5564,-1214,6334,-851,-1701,348,746,-2280,7352,-56,-250,-362,0,0,0,0,0,0,0,0,0,0,0,0
15,29,-5186,-1582,6164,-848,-1702,348,1064,-2060,7928,-59,-250,-359,0,0,0,0,0,0,0,0,0,0,0,0
16,31,-5450,-1416,6288,-849,-1700,342,900,-1972,7956,-61,-249,-362,0,0,0,0,0,0,0,0,0,0,0,0
17,33,-5568,-1046,6132,-849,-1697,337,150,-1834,7796,-65,-250,-367,0,0,0,0,0,0,0,0,0,0,0,0
18,35,-5612,-1488,6206,-843,-1698,344,952,-2030,7696,-68,-252,-365,0,0,0,0,0,0,0,0,0,0,0,0
19,37,-5156,-1142,6446,-839,-1710,343,824,-1878,8044,-71,-251,-366,0,0,0,0,0,0,0,0,0,0,0,0
20,39,-5206,-1488,6094,-835,-1704,347,1010,-1892,8064,-74,-248,-367,0,0,0,0,0,0,0,0,0,0,0,0
21,41,-5578,-1212,6258,-831,-1700,347,788,-2108,8156,-72,-247,-368,0,0,0,0,0,0,0,0,0,0,0,0
22,43,-5610,-1576,5864,-829,-1706,347,882,-1822,7950,-69,-252,-366,0,0,0,0,0,0,0,0,0,0,0,0
23,46,-5438,-1244,5990,-834,-1705,346,826,-1724,8002,-71,-250,-364,0,0,0,0,0,0,0,0,0,0,0,0
24,47,-5538,-1366,6770,-836,-1709,357,610,-1904,8140,-78,-254,-368,0,0,0,0,0,0,0,0,0,0,0,0
25,49,-5618,-1136,6044,-837,-1708,350,974,-1708,7876,-85,-261,-369,0,0,0,0,0,0,0,0,0,0,0,0
26,51,-5580,-1040,6224,-835,-1710,348,840,-1792,8048,-90,-258,-365,0,0,0,0,0,0,0,0,0,0,0,0
27,53,-5526,-1348,6096,-834,-1714,347,956,-1910,7938,-94,-251,-365,0,0,0,0,0,0,0,0,0,0,0,0
28,55,-5668,-1210,5926,-837,-1714,342,608,-1688,7712,-96,-249,-368,0,0,0,0,0,0,0,0,0,0,0,0
29,58,-5700,-900,6346,-835,-1718,339,572,-1480,7760,-92,-249,-371,0,0,0,0,0,0,0,0,0,0,0,0
30,59,-5336,-1114,6070,-838,-1722,344,618,-1810,7942,-85,-248,-370,0,0,0,0,0,0,0,0,0,0,0,0
31,61,-5360,-1372,6312,-841,-1726,341,1050,-1684,8140,-84,-247,-380,0,0,0,0,0,0,0,0,0,0,0,0
32,63,-5224,-842,6410,-843,-1721,345,420,-1990,7636,-79,-244,-379,0,0,0,0,0,0,0,0,0,0,0,0
33,66,-4878,-1416,5786,-843,-1707,348,1120,-1806,7828,-79,-243,-386,0,0,0,0,0,0,0,0,0,0,0,0
34,67,-5196,-1206,6338,-846,-1708,351,496,-1944,8046,-79,-239,-387,0,0,0,0,0,0,0,0,0,0,0,0
35,69,-5196,-1116,6016,-840,-1709,339,714,-1626,7830,-80,-241,-389,0,0,0,0,0,0,0,0,0,0,0,0
36,71,-5336,-1668,6160,-836,-1713,341,732,-1546,7526,-82,-240,-391,0,0,0,0,0,0,0,0,0,0,0,0
37,74,-5296,-1462,6248,-841,-1712,346,342,-1544,8056,-83,-237,-394,0,0,0,0,0,0,0,0,0,0,0,0
38,76,-5354,-1172,6358,-839,-1711,348,1200,-2070,7944,-88,-238,-392,0,0,0,0,0,0,0,0,0,0,0,0
39,78,-5576,-1106,6346,-830,-1709,351,722,-1934,7500,-94,-240,-393,0,0,0,0,0,0,0,0,0,0,0,0
40,80,-5684,-1184,6028,-835,-1715,343,846,-1824,7792,-93,-238,-397,0,0,0,0,0,0,0,0,0,0,0,0
41,82,-5620,-1146,5702,-847,-1710,348,860,-1726,7838,-93,-238,-396,0,0,0,0,0,0,0,0,0,0,0,0
42,84,-5510,-1354,6030,-852,-1716,346,600,-1858,7972,-97,-240,-397,0,0,0,0,0,0,0,0,0,0,0,0
43,86,-5378,-720,6500,-845,-1718,345,382,-1528,7846,-92,-238,-396,0,0,0,0,0,0,0,0,0,0,0,0
44,88,-5476,-1110,5824,-851,-1722,342,860,-1878,7888,-89,-231,-398,0,0,0,0,0,0,0,0,0,0,0,0
45,89,-5614,-1098,6316,-856,-1717,337,906,-1388,7792,-86,-231,-394,0,0,0,0,0,0,0,0,0,0,0,0
46,91,-5542,-1426,6352,-857,-1714,332,1054,-1850,7700,-81,-244,-389,0,0,0,0,0,0,0,0,0,0,0,0
47,93,-5246,-988,5846,-856,-1712,331,712,-1470,7986,-80,-250,-386,0,0,0,0,0,0,0,0,0,0,0,0
48,94,-5612,-836,6530,-853,-1716,330,554,-1536,7670,-82,-247,-386,0,0,0,0,0,0,0,0,0,0,0,0
49,96,-5408,-1210,5968,-855,-1718,322,524,-1866,7634,-82,-250,-389,0,0,0,0,0,0,0,0,0,0,0,0
50,98,-5610,-1024,6280,-859,-1716,319,694,-1568,7970,-76,-252,-388,0,0,0,0,0,0,0,0,0,0,0,0
51,100,-5308,-1040,5852,-859,-1720,313,628,-2056,8230,-78,-255,-388,0,0,0,0,0,0,0,0,0,0,0,0
52,102,-5228,-1006,6296,-855,-1722,305,794,-1898,7734,-74,-252,-390,0,0,0,0,0,0,0,0,0,0,0,0
53,104,-5528,-652,6258,-853,-1721,307,410,-2152,8010,-73,-249,-387,0,0,0,0,0,0,0,0,0,0,0,0
54,106,-5528,-652,6258,-853,-1721,307,600,-2166,7636,-74,-250,-389,0,0,0,0,0,0,0,0,0,0,0,0
55,108,-5518,-1030,6014,-851,-1724,308,906,-2184,7694,-68,-251,-391,0,0,0,0,0,0,0,0,0,0,0,0
56,110,-5310,-914,6448,-846,-1724,301,734,-1472,8012,-62,-250,-390,0,0,0,0,0,0,0,0,0,0,0,0
57,112,-5304,-1576,6466,-848,-1725,295,1220,-1744,7816,-62,-249,-385,0,0,0,0,0,0,0,0,0,0,0,0
58,114,-5298,-1036,5850,-853,-1724,291,742,-1726,7970,-63,-243,-377,0,0,0,0,0,0,0,0,0,0,0,0
59,116,-5116,-1480,5886,-853,-1720,297,1252,-1618,7596,-66,-234,-372,0,0,0,0,0,0,0,0,0,0,0,0
60,118,-5236,-1092,7032,-851,-1720,299,718,-1678,7868,-63,-239,-376,0,0,0,0,0,0,0,0,0,0,0,0
61,121,-5582,-952,6394,-846,-1714,304,898,-1520,7678,-59,-241,-380,0,0,0,0,0,0,0,0,0,0,0,0
62,123,-5508,-1182,6310,-848,-1713,306,944,-1608,7686,-60,-237,-378,0,0,0,0,0,0,0,0,0,0,0,0
63,125,-5252,-1272,6246,-848,-1714,309,734,-2424,7888,-59,-231,-377,0,0,0,0,0,0,0,0,0,0,0,0
64,127,-5098,-1106,6716,-843,-1722,314,898,-1558,8094,-47,-229,-380,0,0,0,0,0,0,0,0,0,0,0,0
65,128,-5516,-1128,6118,-844,-1724,315,678,-1622,7686,-48,-228,-379,0,0,0,0,0,0,0,0,0,0,0,0
66,130,-5508,-836,5764,-851,-1723,321,852,-1662,7728,-49,-230,-374,0,0,0,0,0,0,0,0,0,0,0,0
67,132,-5400,-938,6300,-856,-1718,325,538,-1722,7758,-42,-230,-371,0,0,0,0,0,0,0,0,0,0,0,0
68,134,-5706,-1312,6282,-855,-1711,330,758,-1686,7930,-36,-231,-371,0,0,0,0,0,0,0,0,0,0,0,0
69,136,-5252,-1142,6494,-851,-1711,331,1116,-2140,8108,-31,-228,-369,0,0,0,0,0,0,0,0,0,0,0,0
70,138,-5284,-964,5982,-853,-1711,332,950,-1550,8024,-27,-227,-369,0,0,0,0,0,0,0,0,0,0,0,0
71,140,-5276,-1326,6602,-854,-1707,325,780,-2098,8202,-27,-224,-371,0,0,0,0,0,0,0,0,0,0,0,0
72,142,-5536,-690,5972,-852,-1717,327,880,-1934,8102,-25,-226,-376,0,0,0,0,0,0,0,0,0,0,0,0
73,145,-4978,-1264,5836,-850,-1712,326,776,-1842,8060,-19,-225,-376,0,0,0,0,0,0,0,0,0,0,0,0
74,147,-5428,-1394,6466,-849,-1709,327,1070,-2012,7698,-20,-224,-379,0,0,0,0,0,0,0,0,0,0,0,0
75,148,-5684,-1078,5660,-847,-1708,324,648,-1936,8146,-15,-220,-381,0,0,0,0,0,0,0,0,0,0,0,0
76,150,-5280,-1296,6098,-844,-1714,326,710,-1656,7738,-14,-225,-372,0,0,0,0,0,0,0,0,0,0,0,0
77,152,-5474,-1164,6506,-847,-1725,330,636,-1970,8038,-11,-229,-372,0,0,0,0,0,0,0,0,0,0,0,0
78,154,-5420,-1336,6604,-849,-1725,332,562,-1634,7840,-10,-229,-376,0,0,0,0,0,0,0,0,0,0,0,0
79,156,-5662,-1356,6340,-851,-1722,330,698,-1878,7858,-5,-230,-371,0,0,0,0,0,0,0,0,0,0,0,0
80,158,-5546,-740,6138,-851,-1719,338,844,-1634,8114,-4,-232,-368,0,0,0,0,0,0,0,0,0,0,0,0
81,160,-5244,-1060,6440,-852,-1721,345,896,-1954,8346,-2,-229,-364,0,0,0,0,0,0,0,0,0,0,0,0
82,162,-4988,-1144,6366,-861,-1723,345,716,-2040,7976,-1,-228,-367,0,0,0,0,0,0,0,0,0,0,0,0
83,164,-5262,-1014,6022,-866,-1720,351,684,-1768,7740,-3,-230,-366,0,0,0,0,0,0,0,0,0,0,0,0
84,167,-5268,-716,6102,-864,-1724,354,928,-2002,7634,2,-225,-365,0,0,0,0,0,0,0,0,0,0,0,0
85,168,-5576,-1196,6576,-861,-1725,352,706,-2196,7798,4,-223,-366,0,0,0,0,0,0,0,0,0,0,0,0
86,170,-5286,-1110,6386,-861,-1723,351,1158,-1826,7986,5,-225,-370,0,0,0,0,0,0,0,0,0,0,0,0
87,172,-5370,-1254,5924,-870,-1713,356,226,-1934,8152,3,-225,-370,0,0,0,0,0,0,0,0,0,0,0,0
88,174,-5320,-1588,6232,-873,-1715,356,1222,-2024,7764,-1,-224,-369,0,0,0,0,0,0,0,0,0,0,0,0
89,176,-5564,-1410,6006,-871,-1720,355,1088,-1578,8038,3,-224,-369,0,0,0,0,0,0,0,0,0,0,0,0
90,178,-5542,-1198,6116,-867,-1727,356,1530,-1826,7898,7,-225,-373,0,0,0,0,0,0,0,0,0,0,0,0
91,180,-5040,-1080,5718,-867,-1723,358,1422,-2064,8116,0,-222,-374,0,0,0,0,0,0,0,0,0,0,0,0
92,182,-5314,-950,6380,-866,-1725,357,1032,-1716,8134,-6,-222,-371,0,0,0,0,0,0,0,0,0,0,0,0
93,184,-5452,-1392,5966,-859,-1723,356,446,-1958,8042,-7,-225,-371,0,0,0,0,0,0,0,0,0,0,0,0
94,186,-5512,-1092,6186,-849,-1719,354,1006,-1560,8106,-8,-228,-371,0,0,0,0,0,0,0,0,0,0,0,0
95,189,-5330,-854,6410,-853,-1708,346,498,-2096,8362,-8,-232,-378,0,0,0,0,0,0,0,0,0,0,0,0
96,191,-5584,-786,6074,-856,-1707,344,880,-2066,7976,-9,-235,-378,0,0,0,0,0,0,0,0,0,0,0,0
97,192,-5384,-1368,6464,-852,-1712,348,1212,-1770,8214,-8,-235,-383,0,0,0,0,0,0,0,0,0,0,0,0
98,195,-5444,-1004,6180,-852,-1720,346,696,-2080,7940,-12,-237,-382,0,0,0,0,0,0,0,0,0,0,0,0
99,196,-5398,-1130,6022,-855,-1718,345,786,-1384,8042,-14,-239,-383,0,0,0,0,0,0,0,0,0,0,0,0
100,198,-5372,-786,6320,-853,-1714,343,1060,-2022,8062,-15,-238,-379,0,0,0,0,0,0,0,0,0,0,0,0
101,200,-4964,-1156,6404,-846,-1717,340,820,-1700,7746,-19,-232,-380,0,0,0,0,0,0,0,0,0,0,0,0
102,202,-5168,-1328,6288,-844,-1721,342,510,-1520,8146,-21,-228,-378,0,0,0,0,0,0,0,0,0,0,0,0
103,204,-5094,-1616,5984,-846,-1725,340,892,-1640,7962,-24,-229,-377,0,0,0,0,0,0,0,0,0,0,0,0
104,207,-5082,-1350,6318,-848,-1728,337,630,-1924,8022,-25,-223,-374,0,0,0,0,0,0,0,0,0,0,0,0
105,208,-5310,-1268,6318,-844,-1733,339,818,-1424,7708,-30,-223,-377,0,0,0,0,0,0,0,0,0,0,0,0
106,210,-5788,-718,5808,-841,-1730,340,672,-2072,8070,-28,-224,-382,0,0,0,0,0,0,0,0,0,0,0,0
107,213,-5392,-1240,6102,-843,-1724,345,744,-2014,8098,-31,-228,-382,0,0,0,0,0,0,0,0,0,0,0,0
108,215,-5324,-958,5924,-842,-1719,345,1220,-1802,8134,-32,-229,-381,0,0,0,0,0,0,0,0,0,0,0,0
109,217,-5376,-960,6170,-844,-1720,351,1086,-1910,8414,-37,-231,-379,0,0,0,0,0,0,0,0,0,0,0,0
110,218,-5426,-756,5996,-844,-1728,353,828,-1744,7976,-37,-230,-377,0,0,0,0,0,0,0,0,0,0,0,0
111,220,-5768,-1332,5770,-843,-1726,359,548,-1884,7880,-37,-233,-375,0,0,0,0,0,0,0,0,0,0,0,0
112,222,-5294,-1290,5756,-844,-1717,363,660,-1864,7816,-37,-240,-375,0,0,0,0,0,0,0,0,0,0,0,0
113,224,-5920,-1400,6108,-841,-1718,353,540,-2186,7854,-40,-235,-377,0,0,0,0,0,0,0,0,0,0,0,0
114,226,-5406,-1202,6074,-837,-1720,349,522,-1234,7872,-36,-233,-377,0,0,0,0,0,0,0,0,0,0,0,0
115,228,-5342,-864,6154,-840,-1723,352,534,-2084,7798,-38,-234,-381,0,0,0,0,0,0,0,0,0,0,0,0
116,230,-5186,-978,6260,-846,-1720,349,838,-1538,7720,-46,-232,-379,0,0,0,0,0,0,0,0,0,0,0,0
117,232,-5406,-1162,6314,-849,-1725,345,732,-1760,7870,-45,-238,-385,0,0,0,0,0,0,0,0,0,0,0,0
118,234,-5162,-1014,6190,-847,-1727,345,676,-1570,8092,-44,-241,-392,0,0,0,0,0,0,0,0,0,0,0,0
119,237,-5286,-1028,6744,-843,-1719,344,852,-1960,8002,-45,-243,-394,0,0,0,0,0,0,0,0,0,0,0,0
120,238,-5424,-1778,6176,-847,-1711,349,1012,-1858,7764,-48,-241,-396,0,0,0,0,0,0,0,0,0,0,0,0
121,240,-5684,-1250,6090,-846,-1710,350,478,-1450,7864,-49,-246,-399,0,0,0,0,0,0,0,0,0,0,0,0
122,242,-5364,-1114,6012,-843,-1717,345,958,-1798,8030,-49,-243,-393,0,0,0,0,0,0,0,0,0,0,0,0
123,244,-5812,-1216,6420,-838,-1727,348,832,-2006,8058,-59,-241,-391,0,0,0,0,0,0,0,0,0,0,0,0
124,246,-5588,-1280,5606,-845,-1726,351,814,-2048,8022,-66,-240,-383,0,0,0,0,0,0,0,0,0,0,0,0
125,248,-5158,-1000,6304,-853,-1723,350,1056,-1962,7552,-67,-243,-384,0,0,0,0,0,0,0,0,0,0,0,0
126,250,-5120,-1174,6494,-853,-1727,346,930,-1924,7734,-74,-240,-384,0,0,0,0,0,0,0,0,0,0,0,0
127,252,-5496,-1192,5886,-850,-1734,348,1154,-1964,7722,-76,-236,-377,0,0,0,0,0,0,0,0,0,0,0,0
128,254,-5118,-1080,6164,-854,-1739,347,882,-1992,7742,-78,-231,-381,0,0,0,0,0,0,0,0,0,0,0,0
129,256,-5228,-1096,5782,-854,-1741,351,910,-1584,8102,-79,-234,-376,0,0,0,0,0,0,0,0,0,0,0,0
130,258,-5372,-1776,6382,-850,-1747,356,792,-1664,7994,-75,-229,-375,0,0,0,0,0,0,0,0,0,0,0,0
131,260,-5130,-1230,6358,-848,-1746,358,620,-2066,8082,-81,-228,-378,0,0,0,0,0,0,0,0,0,0,0,0
132,262,-5300,-1130,6676,-845,-1741,355,970,-2088,7954,-80,-228,-389,0,0,0,0,0,0,0,0,0,0,0,0
133,264,-5428,-1596,5942,-839,-1734,357,1014,-1774,7974,-76,-227,-391,0,0,0,0,0,0,0,0,0,0,0,0
134,266,-5360,-954,6282,-838,-1733,349,1230,-1954,7838,-74,-232,-389,0,0,0,0,0,0,0,0,0,0,0,0
135,268,-5368,-1170,6150,-839,-1736,344,722,-1796,7898,-74,-228,-384,0,0,0,0,0,0,0,0,0,0,0,0
136,270,-4964,-1356,5948,-838,-1736,340,1164,-1496,7900,-73,-227,-386,0,0,0,0,0,0,0,0,0,0,0,0
137,272,-5362,-1162,5610,-850,-1727,348,830,-1512,7758,-78,-224,-383,0,0,0,0,0,0,0,0,0,0,0,0
138,274,-5352,-1122,6160,-852,-1726,346,664,-1684,7622,-81,-225,-384,0,0,0,0,0,0,0,0,0,0,0,0
139,276,-5408,-1486,5976,-845,-1725,345,780,-2130,7918,-78,-219,-386,0,0,0,0,0,0,0,0,0,0,0,0
140,278,-5128,-910,5946,-849,-1724,342,448,-2018,7976,-83,-224,-388,0,0,0,0,0,0,0,0,0,0,0,0
141,281,-5264,-700,6346,-853,-1720,345,932,-1890,7962,-89,-223,-387,0,0,0,0,0,0,0,0,0,0,0,0
142,282,-4930,-1388,5742,-852,-1716,346,896,-1934,7940,-94,-224,-391,0,0,0,0,0,0,0,0,0,0,0,0
143,284,-5416,-1048,6006,-848,-1722,345,758,-1584,7832,-98,-228,-395,0,0,0,0,0,0,0,0,0,0,0,0
144,287,-5138,-1096,6334,-850,-1725,345,644,-2350,7990,-101,-230,-401,0,0,0,0,0,0,0,0,0,0,0,0
145,288,-5240,-1164,6460,-849,-1719,344,892,-1532,7890,-102,-227,-397,0,0,0,0,0,0,0,0,0,0,0,0
146,290,-5466,-1158,6422,-851,-1719,347,964,-1642,7690,-106,-228,-398,0,0,0,0,0,0,0,0,0,0,0,0
147,292,-5508,-950,6078,-847,-1720,340,840,-1718,7748,-104,-226,-394,0,0,0,0,0,0,0,0,0,0,0,0
148,294,-5214,-1294,5990,-845,-1724,346,624,-2020,7890,-100,-229,-390,0,0,0,0,0,0,0,0,0,0,0,0
149,296,-5260,-1166,5960,-849,-1715,350,920,-2060,8106,-98,-224,-385,0,0,0,0,0,0,0,0,0,0,0,0
150,299,-5522,-1256,6234,-851,-1710,355,432,-2022,7888,-96,-221,-377,0,0,0,0,0,0,0,0,0,0,0,0
151,301,-5338,-1202,6380,-850,-1709,354,868,-1758,7838,-100,-221,-378,0,0,0,0,0,0,0,0,0,0,0,0
152,303,-4884,-1074,6282,-852,-1711,351,1042,-1808,7474,-106,-218,-376,0,0,0,0,0,0,0,0,0,0,0,0
153,304,-5296,-1564,6156,-853,-1704,352,498,-2004,7602,-98,-212,-374,0,0,0,0,0,0,0,0,0,0,0,0
154,307,-5328,-1110,6064,-852,-1697,356,1072,-1610,7824,-95,-212,-371,0,0,0,0,0,0,0,0,0,0,0,0
155,308,-5538,-1032,6324,-850,-1696,357,952,-1804,7890,-97,-213,-372,0,0,0,0,0,0,0,0,0,0,0,0
156,311,-5232,-1062,6280,-844,-1692,357,812,-1778,7810,-92,-210,-371,0,0,0,0,0,0,0,0,0,0,0,0
157,313,-5448,-1296,6068,-848,-1698,353,842,-2148,7758,-83,-205,-373,0,0,0,0,0,0,0,0,0,0,0,0
158,315,-5286,-1142,6148,-850,-1697,349,960,-1684,8188,-72,-208,-376,0,0,0,0,0,0,0,0,0,0,0,0
159,317,-5582,-992,6120,-846,-1700,346,924,-1832,8104,-67,-203,-380,0,0,0,0,0,0,0,0,0,0,0,0
160,319,-5368,-1138,6334,-837,-1704,346,668,-1562,8140,-65,-200,-385,0,0,0,0,0,0,0,0,0,0,0,0
161,321,-5040,-1436,6106,-842,-1696,346,976,-1704,8056,-61,-199,-381,0,0,0,0,0,0,0,0,0,0,0,0
162,323,-5306,-1528,6230,-850,-1693,346,1190,-2010,7750,-62,-191,-371,0,0,0,0,0,0,0,0,0,0,0,0
163,325,-5522,-998,6362,-852,-1695,342,400,-2088,8098,-64,-195,-372,0,0,0,0,0,0,0,0,0,0,0,0
164,327,-5406,-1086,6350,-855,-1702,332,372,-1780,7854,-61,-200,-373,0,0,0,0,0,0,0,0,0,0,0,0
165,329,-5374,-1640,5988,-856,-1703,338,248,-2088,7902,-61,-199,-370,0,0,0,0,0,0,0,0,0,0,0,0
166,331,-5506,-1022,5992,-858,-1701,342,666,-1690,7926,-57,-199,-372,0,0,0,0,0,0,0,0,0,0,0,0
167,333,-5490,-952,6420,-851,-1698,335,898,-2214,7958,-49,-201,-374,0,0,0,0,0,0,0,0,0,0,0,0
168,335,-4928,-1146,6132,-839,-1707,340,470,-1960,7732,-45,-201,-377,0,0,0,0,0,0,0,0,0,0,0,0
169,337,-5322,-1006,6128,-836,-1712,333,1188,-2058,8150,-44,-203,-375,0,0,0,0,0,0,0,0,0,0,0,0
170,339,-5046,-1256,6446,-844,-1711,327,836,-1960,7824,-43,-205,-379,0,0,0,0,0,0,0,0,0,0,0,0
171,341,-5466,-1338,6454,-847,-1705,332,766,-2344,7760,-47,-207,-380,0,0,0,0,0,0,0,0,0,0,0,0
172,343,-5320,-1560,6228,-841,-1711,333,970,-1780,7968,-50,-210,-383,0,0,0,0,0,0,0,0,0,0,0,0
173,345,-5308,-1596,6066,-839,-1708,338,632,-1840,7854,-44,-207,-386,0,0,0,0,0,0,0,0,0,0,0,0
174,347,-5348,-1124,5964,-836,-1704,347,270,-2230,7956,-43,-210,-387,0,0,0,0,0,0,0,0,0,0,0,0
175,349,-5438,-1324,6304,-840,-1704,350,868,-1762,7866,-42,-213,-387,0,0,0,0,0,0,0,0,0,0,0,0
176,351,-5508,-1258,5854,-838,-1703,354,408,-1962,7854,-34,-217,-387,0,0,0,0,0,0,0,0,0,0,0,0
177,353,-5538,-1004,6314,-838,-1711,351,864,-2270,7976,-33,-218,-383,0,0,0,0,0,0,0,0,0,0,0,0
178,355,-5686,-1194,6602,-837,-1710,356,580,-1210,7766,-35,-216,-374,0,0,0,0,0,0,0,0,0,0,0,0
179,357,-5126,-1590,6178,-842,-1704,354,460,-1644,8010,-33,-219,-368,0,0,0,0,0,0,0,0,0,0,0,0
180,359,-5666,-906,6216,-842,-1697,350,954,-1552,7998,-28,-226,-367,0,0,0,0,0,0,0,0,0,0,0,0
181,361,-5734,-1274,6170,-841,-1700,354,108,-2174,8174,-20,-228,-370,0,0,0,0,0,0,0,0,0,0,0,0
182,363,-5456,-1152,6184,-845,-1708,357,868,-1820,7882,-19,-230,-373,0,0,0,0,0,0,0,0,0,0,0,0
183,365,-5360,-964,5886,-848,-1708,351,528,-1964,8028,-24,-231,-372,0,0,0,0,0,0,0,0,0,0,0,0
184,367,-5540,-1162,6270,-851,-1709,350,572,-1644,8052,-25,-233,-376,0,0,0,0,0,0,0,0,0,0,0,0
185,369,-5258,-1510,6316,-850,-1715,353,596,-1930,8116,-23,-237,-377,0,0,0,0,0,0,0,0,0,0,0,0
186,371,-5640,-932,6686,-850,-1714,357,640,-1614,7788,-19,-234,-378,0,0,0,0,0,0,0,0,0,0,0,0
187,373,-5416,-1040,6310,-853,-1694,359,870,-1890,7878,-17,-232,-374,0,0,0,0,0,0,0,0,0,0,0,0
188,375,-5398,-1118,6060,-852,-1695,356,1020,-1640,8044,-17,-234,-365,0,0,0,0,0,0,0,0,0,0,0,0
189,377,-5466,-1386,6312,-844,-1706,351,586,-1986,7620,-7,-234,-364,0,0,0,0,0,0,0,0,0,0,0,0
190,379,-5444,-996,6590,-845,-1715,348,844,-2126,7858,1,-230,-361,0,0,0,0,0,0,0,0,0,0,0,0
191,381,-5146,-1034,6206,-853,-1717,344,732,-1764,8098,9,-226,-362,0,0,0,0,0,0,0,0,0,0,0,0
192,383,-5914,-1182,6324,-848,-1709,345,604,-1708,7974,9,-229,-365,0,0,0,0,0,0,0,0,0,0,0,0
193,385,-5362,-880,6154,-846,-1706,350,708,-1670,8076,12,-232,-370,0,0,0,0,0,0,0,0,0,0,0,0
194,387,-4970,-1240,5990,-851,-1710,357,408,-2134,7780,15,-236,-369,0,0,0,0,0,0,0,0,0,0,0,0
195,389,-5354,-1048,5820,-853,-1709,347,750,-1818,7834,7,-235,-368,0,0,0,0,0,0,0,0,0,0,0,0
196,391,-5356,-998,6178,-852,-1708,340,452,-1770,8024,2,-236,-376,0,0,0,0,0,0,0,0,0,0,0,0
197,393,-5176,-1332,6014,-847,-1708,346,1090,-1652,8058,2,-236,-379,0,0,0,0,0,0,0,0,0,0,0,0
198,395,-5486,-958,6248,-846,-1717,353,1150,-2124,7928,-3,-232,-371,0,0,0,0,0,0,0,0,0,0,0,0
199,397,-4998,-808,6380,-847,-1713,356,576,-1808,8224,-3,-234,-374,0,0,0,0,0,0,0,0,0,0,0,0
200,399,-5328,-1182,6190,-842,-1715,361,1016,-1346,8058,3,-233,-378,0,0,0,0,0,0,0,0,0,0,0,0
201,401,-5248,-1134,6108,-846,-1720,365,618,-1512,8008,2,-230,-379,0,0,0,0,0,0,0,0,0,0,0,0
202,403,-5148,-882,6358,-848,-1728,365,636,-1748,7776,7,-223,-380,0,0,0,0,0,0,0,0,0,0,0,0
203,405,-5404,-1130,5850,-848,-1726,361,672,-1652,7894,9,-225,-381,0,0,0,0,0,0,0,0,0,0,0,0
204,407,-5592,-1534,5962,-848,-1722,362,678,-2120,7790,8,-227,-381,0,0,0,0,0,0,0,0,0,0,0,0
205,409,-5292,-1634,6184,-849,-1722,361,832,-1920,8026,11,-223,-382,0,0,0,0,0,0,0,0,0,0,0,0
206,411,-5426,-1208,6176,-843,-1720,358,706,-1698,7894,10,-221,-377,0,0,0,0,0,0,0,0,0,0,0,0
207,413,-5508,-1230,6120,-842,-1714,360,814,-1922,7794,6,-223,-376,0,0,0,0,0,0,0,0,0,0,0,0
208,415,-5584,-1158,5994,-850,-1704,360,798,-1858,8152,-3,-223,-373,0,0,0,0,0,0,0,0,0,0,0,0
209,417,-4940,-1042,6500,-846,-1703,359,1162,-1784,7974,-7,-225,-370,0,0,0,0,0,0,0,0,0,0,0,0
210,419,-5450,-1258,6688,-843,-1709,357,818,-1622,8044,-11,-228,-365,0,0,0,0,0,0,0,0,0,0,0,0
211,421,-5366,-1202,6224,-844,-1706,353,864,-1820,8140,-13,-226,-366,0,0,0,0,0,0,0,0,0,0,0,0
212,423,-5768,-898,6290,-846,-1700,360,722,-2090,8076,-15,-229,-367,0,0,0,0,0,0,0,0,0,0,0,0
213,425,-5132,-1076,6338,-847,-1706,364,1186,-1698,7678,-15,-229,-362,0,0,0,0,0,0,0,0,0,0,0,0
214,427,-5174,-1330,6002,-842,-1709,361,746,-1028,8002,-18,-226,-362,0,0,0,0,0,0,0,0,0,0,0,0
215,429,-5384,-1080,6088,-836,-1717,363,1070,-1814,8340,-13,-224,-358,0,0,0,0,0,0,0,0,0,0,0,0
216,431,-5134,-1112,6088,-839,-1719,365,794,-1686,8098,-13,-225,-355,0,0,0,0,0,0,0,0,0,0,0,0
217,433,-5256,-684,6202,-841,-1722,369,576,-1678,8202,-16,-229,-357,0,0,0,0,0,0,0,0,0,0,0,0
218,435,-5370,-1426,6236,-836,-1726,368,694,-1612,7742,-17,-228,-358,0,0,0,0,0,0,0,0,0,0,0,0
219,437,-5126,-926,6094,-830,-1724,368,1016,-1820,7654,-16,-226,-364,0,0,0,0,0,0,0,0,0,0,0,0
220,439,-5584,-862,5714,-836,-1723,361,908,-2088,7668,-21,-226,-361,0,0,0,0,0,0,0,0,0,0,0,0
221,441,-5574,-1028,6440,-837,-1728,360,570,-1774,7878,-29,-226,-366,0,0,0,0,0,0,0,0,0,0,0,0
222,443,-5534,-626,6246,-832,-1732,360,894,-2128,8014,-36,-228,-364,0,0,0,0,0,0,0,0,0,0,0,0
223,445,-5476,-1336,5886,-832,-1736,355,1060,-1736,8288,-36,-228,-364,0,0,0,0,0,0,0,0,0,0,0,0
224,447,-5410,-1032,6358,-834,-1731,350,264,-1626,7850,-37,-227,-370,0,0,0,0,0,0,0,0,0,0,0,0
225,449,-5420,-1644,5896,-833,-1722,350,1086,-1810,7986,-45,-231,-368,0,0,0,0,0,0,0,0,0,0,0,0
226,451,-5376,-1266,6366,-833,-1727,350,258,-1368,7942,-46,-236,-368,0,0,0,0,0,0,0,0,0,0,0,0
227,453,-5520,-1262,6178,-835,-1726,354,984,-1624,7790,-44,-231,-368,0,0,0,0,0,0,0,0,0,0,0,0
228,455,-5378,-1380,6350,-837,-1719,360,362,-2540,8098,-49,-231,-364,0,0,0,0,0,0,0,0,0,0,0,0
229,457,-5616,-1194,5934,-841,-1715,359,868,-1942,8024,-48,-230,-366,0,0,0,0,0,0,0,0,0,0,0,0
230,459,-5914,-1458,6160,-840,-1712,352,614,-1710,8056,-51,-231,-372,0,0,0,0,0,0,0,0,0,0,0,0
231,461,-6040,-1358,6198,-838,-1717,354,954,-1912,7794,-57,-233,-374,0,0,0,0,0,0,0,0,0,0,0,0
232,463,-5604,-860,6434,-844,-1716,358,732,-1692,8048,-68,-229,-371,0,0,0,0,0,0,0,0,0,0,0,0
233,465,-5094,-1056,5874,-844,-1708,360,650,-1650,7660,-71,-229,-372,0,0,0,0,0,0,0,0,0,0,0,0
234,467,-5390,-1206,6050,-844,-1704,359,464,-1942,7850,-70,-230,-368,0,0,0,0,0,0,0,0,0,0,0,0
235,469,-5612,-1272,6200,-845,-1710,362,578,-1966,7930,-70,-232,-365,0,0,0,0,0,0,0,0,0,0,0,0
236,471,-5432,-1264,6242,-848,-1713,353,580,-1532,7948,-75,-230,-368,0,0,0,0,0,0,0,0,0,0,0,0
237,473,-5470,-1104,6244,-852,-1715,352,1106,-2054,8002,-78,-233,-366,0,0,0,0,0,0,0,0,0,0,0,0
238,475,-5544,-1098,6142,-848,-1716,355,872,-1630,7996,-79,-230,-366,0,0,0,0,0,0,0,0,0,0,0,0
239,477,-5404,-1316,6044,-845,-1723,359,718,-1478,7852,-77,-230,-362,0,0,0,0,0,0,0,0,0,0,0,0
240,479,-5410,-1234,6202,-845,-1723,362,1232,-1622,7982,-82,-230,-355,0,0,0,0,0,0,0,0,0,0,0,0
241,481,-5254,-1188,6588,-846,-1720,365,1198,-1850,8314,-77,-229,-360,0,0,0,0,0,0,0,0,0,0,0,0
242,483,-5524,-1556,6634,-844,-1718,367,584,-1784,7968,-77,-236,-361,0,0,0,0,0,0,0,0,0,0,0,0
243,485,-5502,-1168,6720,-843,-1721,370,312,-1844,7768,-80,-239,-361,0,0,0,0,0,0,0,0,0,0,0,0
244,487,-5148,-1366,6134,-844,-1727,369,942,-1848,7834,-85,-239,-359,0,0,0,0,0,0,0,0,0,0,0,0
245,489,-5042,-1442,6056,-849,-1722,363,674,-1728,8010,-94,-231,-356,0,0,0,0,0,0,0,0,0,0,0,0
246,491,-5512,-1470,5864,-853,-1718,364,732,-1768,8104,-93,-228,-356,0,0,0,0,0,0,0,0,0,0,0,0
247,493,-5318,-1414,6366,-850,-1724,363,578,-1826,7840,-91,-227,-355,0,0,0,0,0,0,0,0,0,0,0,0
248,495,-5366,-1184,5688,-847,-1735,363,950,-1674,8016,-90,-218,-350,0,0,0,0,0,0,0,0,0,0,0,0
249,497,-5534,-1376,5992,-848,-1733,359,856,-1912,7712,-86,-219,-350,0,0,0,0,0,0,0,0,0,0,0,0
250,499,-5446,-934,6250,-846,-1735,353,968,-1720,7886,-82,-225,-360,0,0,0,0,0,0,0,0,0,0,0,0
251,501,-5508,-1480,5992,-851,-1737,360,586,-1908,7834,-86,-230,-359,0,0,0,0,0,0,0,0,0,0,0,0
252,503,-5576,-1188,5860,-852,-1740,360,512,-1476,7884,-87,-225,-359,0,0,0,0,0,0,0,0,0,0,0,0
253,505,-5402,-978,6196,-856,-1742,361,1020,-1932,8200,-87,-223,-368,0,0,0,0,0,0,0,0,0,0,0,0
254,507,-5744,-1220,6096,-860,-1734,358,500,-1716,7552,-86,-229,-369,0,0,0,0,0,0,0,0,0,0,0,0
255,509,-5426,-948,6072,-860,-1735,362,902,-1978,7948,-88,-232,-370,0,0,0,0,0,0,0,0,0,0,0,0
256,511,-5500,-1274,6456,-860,-1729,368,282,-1598,7950,-89,-229,-371,0,0,0,0,0,0,0,0,0,0,0,0
257,513,-5204,-1206,6456,-863,-1728,368,478,-1552,7646,-84,-224,-368,0,0,0,0,0,0,0,0,0,0,0,0
258,515,-5198,-1316,5724,-863,-1729,372,866,-2174,7806,-84,-221,-371,0,0,0,0,0,0,0,0,0,0,0,0
259,517,-5560,-1010,6062,-861,-1727,369,1296,-1760,7936,-87,-227,-371,0,0,0,0,0,0,0,0,0,0,0,0
260,519,-5446,-1100,6446,-854,-1725,370,618,-2292,7856,-88,-222,-367,0,0,0,0,0,0,0,0,0,0,0,0
261,521,-5548,-1064,6304,-852,-1724,373,586,-1724,7846,-93,-215,-372,0,0,0,0,0,0,0,0,0,0,0,0
262,523,-5664,-1236,5994,-851,-1721,368,614,-1460,7736,-94,-218,-376,0,0,0,0,0,0,0,0,0,0,0,0
263,525,-5554,-780,6096,-850,-1723,367,826,-2352,7728,-97,-217,-374,0,0,0,0,0,0,0,0,0,0,0,0
264,527,-5542,-986,5966,-848,-1730,369,334,-1956,7888,-99,-218,-370,0,0,0,0,0,0,0,0,0,0,0,0
265,529,-5516,-908,6176,-850,-1727,367,886,-2014,8030,-101,-218,-372,0,0,0,0,0,0,0,0,0,0,0,0
266,531,-5496,-1132,6170,-850,-1729,365,1022,-1694,7800,-101,-224,-372,0,0,0,0,0,0,0,0,0,0,0,0
267,533,-5372,-1160,5802,-850,-1719,366,1220,-1960,8094,-96,-227,-373,0,0,0,0,0,0,0,0,0,0,0,0
268,535,-5752,-934,6326,-849,-1720,362,906,-1936,7394,-94,-229,-375,0,0,0,0,0,0,0,0,0,0,0,0
269,537,-5516,-1314,6226,-848,-1724,355,660,-1924,7718,-91,-226,-377,0,0,0,0,0,0,0,0,0,0,0,0
270,539,-5390,-1208,6364,-848,-1723,351,858,-2190,8204,-82,-221,-383,0,0,0,0,0,0,0,0,0,0,0,0
271,541,-5878,-1370,6022,-855,-1719,348,564,-2296,7922,-79,-223,-386,0,0,0,0,0,0,0,0,0,0,0,0
272,543,-5462,-1364,5868,-854,-1721,348,1090,-1986,7890,-75,-223,-380,0,0,0,0,0,0,0,0,0,0,0,0
273,545,-5502,-1452,6366,-849,-1724,351,712,-1780,8024,-73,-223,-374,0,0,0,0,0,0,0,0,0,0,0,0
274,547,-5362,-1224,5742,-848,-1715,353,690,-2082,7846,-71,-219,-372,0,0,0,0,0,0,0,0,0,0,0,0
275,549,-5214,-1380,6116,-847,-1708,351,714,-1888,7850,-67,-223,-376,0,0,0,0,0,0,0,0,0,0,0,0
276,551,-5392,-724,6208,-848,-1710,351,508,-1478,7814,-69,-226,-375,0,0,0,0,0,0,0,0,0,0,0,0
277,553,-5194,-1142,6428,-848,-1716,353,236,-1304,7940,-71,-225,-376,0,0,0,0,0,0,0,0,0,0,0,0
278,555,-5588,-1346,6232,-852,-1714,349,664,-1718,7818,-61,-222,-373,0,0,0,0,0,0,0,0,0,0,0,0
279,557,-5654,-1126,6620,-859,-1708,347,740,-1852,7714,-58,-224,-373,0,0,0,0,0,0,0,0,0,0,0,0
280,559,-5282,-1156,6472,-862,-1707,351,1072,-1622,7972,-63,-229,-379,0,0,0,0,0,0,0,0,0,0,0,0
281,561,-5212,-1306,6186,-856,-1708,352,872,-2302,7612,-67,-231,-379,0,0,0,0,0,0,0,0,0,0,0,0
282,563,-5072,-1158,6218,-853,-1711,356,828,-1820,7624,-59,-233,-382,0,0,0,0,0,0,0,0,0,0,0,0
283,565,-5264,-1274,6132,-856,-1708,357,1084,-1896,7918,-56,-236,-386,0,0,0,0,0,0,0,0,0,0,0,0
284,567,-5592,-722,6062,-851,-1709,356,810,-1782,7778,-56,-234,-384,0,0,0,0,0,0,0,0,0,0,0,0
285,569,-5584,-1094,5834,-849,-1720,350,618,-1842,8018,-47,-236,-378,0,0,0,0,0,0,0,0,0,0,0,0
286,571,-5444,-1224,5886,-853,-1720,346,738,-1772,7974,-45,-236,-380,0,0,0,0,0,0,0,0,0,0,0,0
287,573,-5166,-1278,5908,-855,-1712,348,750,-1562,7970,-40,-232,-379,0,0,0,0,0,0,0,0,0,0,0,0
288,575,-5522,-1130,6130,-858,-1704,354,806,-1540,7952,-38,-230,-378,0,0,0,0,0,0,0,0,0,0,0,0
289,577,-5226,-1066,6090,-854,-1709,354,660,-1730,7870,-37,-227,-378,0,0,0,0,0,0,0,0,0,0,0,0
290,579,-5324,-630,6382,-852,-1711,352,814,-1990,7770,-29,-231,-380,0,0,0,0,0,0,0,0,0,0,0,0
291,581,-5390,-760,6226,-854,-1705,353,722,-2466,7978,-27,-232,-377,0,0,0,0,0,0,0,0,0,0,0,0
292,583,-5194,-1022,6408,-857,-1692,353,596,-1624,7622,-26,-230,-374,0,0,0,0,0,0,0,0,0,0,0,0
293,585,-5296,-1360,6064,-851,-1689,357,614,-1778,7812,-23,-232,-373,0,0,0,0,0,0,0,0,0,0,0,0
294,587,-5660,-794,6048,-849,-1691,357,780,-1926,7652,-23,-233,-370,0,0,0,0,0,0,0,0,0,0,0,0
295,589,-5376,-748,6002,-851,-1698,357,714,-1324,7890,-22,-227,-371,0,0,0,0,0,0,0,0,0,0,0,0
296,591,-5672,-830,6104,-849,-1700,355,688,-1754,8048,-21,-228,-372,0,0,0,0,0,0,0,0,0,0,0,0
297,593,-5212,-1056,6340,-851,-1696,364,702,-1844,8036,-15,-230,-376,0,0,0,0,0,0,0,0,0,0,0,0
298,595,-5548,-1046,6334,-854,-1692,367,936,-1762,7858,-11,-226,-377,0,0,0,0,0,0,0,0,0,0,0,0
299,597,-5222,-736,5786,-858,-1692,362,928,-1756,8160,-8,-230,-375,0,0,0,0,0,0,0,0,0,0,0,0
300,599,-5816,-1274,6164,-860,-1694,362,1396,-2202,8006,-10,-231,-375,0,0,0,0,0,0,0,0,0,0,0,0
301,601,-5834,-808,6280,-861,-1692,360,664,-1560,8092,-1,-228,-379,0,0,0,0,0,0,0,0,0,0,0,0
302,603,-5116,-1222,6210,-857,-1697,352,562,-2102,7900,0,-227,-380,0,0,0,0,0,0,0,0,0,0,0,0
303,605,-5350,-1084,6048,-859,-1702,347,848,-1890,8040,-2,-223,-380,0,0,0,0,0,0,0,0,0,0,0,0
304,607,-5718,-1824,5996,-858,-1699,354,918,-2064,7806,3,-222,-372,0,0,0,0,0,0,0,0,0,0,0,0
305,609,-5304,-998,6302,-859,-1695,351,982,-1484,7504,2,-223,-368,0,0,0,0,0,0,0,0,0,0,0,0
306,611,-5326,-1190,6344,-859,-1694,357,734,-1810,8034,-3,-224,-366,0,0,0,0,0,0,0,0,0,0,0,0
307,613,-5288,-936,6552,-860,-1693,361,1034,-1614,8126,-4,-225,-363,0,0,0,0,0,0,0,0,0,0,0,0
308,615,-5408,-1160,5706,-861,-1689,359,762,-1918,8140,0,-226,-362,0,0,0,0,0,0,0,0,0,0,0,0
309,617,-5218,-1224,6284,-858,-1695,346,846,-1672,8006,3,-225,-363,0,0,0,0,0,0,0,0,0,0,0,0
310,619,-5248,-1496,6694,-859,-1697,336,804,-1844,7964,2,-227,-368,0,0,0,0,0,0,0,0,0,0,0,0
311,621,-5524,-1254,6380,-858,-1689,338,820,-2024,7800,4,-226,-369,0,0,0,0,0,0,0,0,0,0,0,0
312,623,-5658,-640,6320,-851,-1685,337,758,-1798,7872,12,-224,-371,0,0,0,0,0,0,0,0,0,0,0,0
313,625,-5298,-1040,6516,-850,-1684,337,1024,-1862,8290,6,-224,-372,0,0,0,0,0,0,0,0,0,0,0,0
314,627,-5222,-1188,6516,-841,-1689,335,648,-1206,8254,-1,-228,-375,0,0,0,0,0,0,0,0,0,0,0,0
315,629,-5354,-1028,6334,-836,-1699,336,752,-1572,7946,-4,-228,-374,0,0,0,0,0,0,0,0,0,0,0,0
316,631,-5346,-1358,6132,-836,-1701,334,988,-1850,7702,-1,-226,-375,0,0,0,0,0,0,0,0,0,0,0,0
317,633,-5620,-1242,5798,-837,-1694,338,916,-1676,7550,-4,-224,-375,0,0,0,0,0,0,0,0,0,0,0,0
318,635,-5682,-1356,6024,-839,-1696,338,544,-1476,7982,-3,-220,-374,0,0,0,0,0,0,0,0,0,0,0,0
319,637,-5222,-1152,5650,-836,-1698,329,832,-1754,7806,-5,-218,-374,0,0,0,0,0,0,0,0,0,0,0,0
320,639,-4952,-1286,5964,-845,-1694,326,784,-1530,8158,-2,-220,-375,0,0,0,0,0,0,0,0,0,0,0,0
321,641,-5388,-1044,6232,-850,-1692,327,758,-1776,7886,0,-225,-373,0,0,0,0,0,0,0,0,0,0,0,0
322,643,-5680,-1206,5844,-844,-1692,327,816,-1648,8042,-3,-226,-372,0,0,0,0,0,0,0,0,0,0,0,0
323,645,-5598,-1146,6352,-846,-1690,330,722,-1684,7882,-5,-222,-374,0,0,0,0,0,0,0,0,0,0,0,0
324,647,-5446,-1376,6216,-844,-1695,331,628,-1622,7896,-4,-223,-380,0,0,0,0,0,0,0,0,0,0,0,0
325,649,-5212,-1012,6830,-846,-1695,333,466,-1822,8162,-10,-226,-387,0,0,0,0,0,0,0,0,0,0,0,0
326,651,-5216,-1260,6174,-845,-1696,344,1098,-1948,8214,-10,-226,-385,0,0,0,0,0,0,0,0,0,0,0,0
327,653,-5476,-1328,6274,-843,-1697,343,702,-1736,8300,-15,-229,-387,0,0,0,0,0,0,0,0,0,0,0,0
328,655,-5652,-1076,5986,-851,-1700,346,850,-1638,8040,-17,-235,-388,0,0,0,0,0,0,0,0,0,0,0,0
329,657,-5222,-1352,6272,-854,-1699,351,996,-2362,7810,-19,-238,-386,0,0,0,0,0,0,0,0,0,0,0,0
330,659,-5434,-1392,5838,-856,-1697,355,642,-1866,7752,-22,-237,-385,0,0,0,0,0,0,0,0,0,0,0,0
331,661,-5354,-1270,6268,-850,-1702,357,668,-1888,7864,-19,-244,-385,0,0,0,0,0,0,0,0,0,0,0,0
332,663,-5392,-928,6306,-850,-1709,355,964,-2012,7866,-16,-246,-386,0,0,0,0,0,0,0,0,0,0,0,0
333,665,-5540,-1270,6072,-847,-1708,356,1070,-1616,7998,-20,-248,-387,0,0,0,0,0,0,0,0,0,0,0,0
334,667,-5430,-1210,5994,-851,-1707,351,772,-1598,7870,-22,-247,-392,0,0,0,0,0,0,0,0,0,0,0,0
335,669,-5318,-1502,6102,-849,-1710,348,1124,-1926,8012,-23,-248,-392,0,0,0,0,0,0,0,0,0,0,0,0
336,671,-5284,-954,6364,-848,-1711,349,662,-1840,8034,-22,-248,-391,0,0,0,0,0,0,0,0,0,0,0,0
337,673,-5278,-1204,6230,-848,-1712,348,628,-2004,8048,-23,-251,-388,0,0,0,0,0,0,0,0,0,0,0,0
338,675,-5450,-702,6560,-852,-1717,349,652,-2048,7724,-27,-247,-386,0,0,0,0,0,0,0,0,0,0,0,0
339,677,-5408,-1196,6240,-852,-1722,348,1104,-1928,8000,-29,-246,-382,0,0,0,0,0,0,0,0,0,0,0,0
340,679,-5522,-806,6384,-853,-1716,355,1040,-1992,7900,-34,-245,-380,0,0,0,0,0,0,0,0,0,0,0,0
341,681,-5456,-1322,5882,-857,-1710,354,1046,-1854,7902,-41,-244,-375,0,0,0,0,0,0,0,0,0,0,0,0
342,683,-5198,-1382,5972,-864,-1705,349,62,-1666,7716,-46,-239,-374,0,0,0,0,0,0,0,0,0,0,0,0
343,685,-5276,-1270,6044,-865,-1713,354,1494,-1902,7998,-38,-234,-376,0,0,0,0,0,0,0,0,0,0,0,0
344,687,-5362,-1098,5954,-862,-1722,352,690,-2298,7700,-38,-231,-374,0,0,0,0,0,0,0,0,0,0,0,0
345,689,-5798,-1062,5924,-862,-1720,351,1048,-2174,8032,-43,-233,-376,0,0,0,0,0,0,0,0,0,0,0,0
346,691,-5548,-1400,6334,-859,-1713,347,870,-1986,8158,-50,-233,-384,0,0,0,0,0,0,0,0,0,0,0,0
347,693,-5570,-1114,6390,-859,-1710,351,648,-1740,7836,-51,-229,-392,0,0,0,0,0,0,0,0,0,0,0,0
348,695,-5040,-1534,6508,-858,-1706,347,758,-1788,8212,-61,-230,-391,0,0,0,0,0,0,0,0,0,0,0,0
349,697,-5204,-1088,6448,-861,-1703,348,866,-1768,7772,-65,-228,-387,0,0,0,0,0,0,0,0,0,0,0,0
350,699,-5176,-912,6018,-864,-1702,354,702,-2118,8132,-71,-228,-382,0,0,0,0,0,0,0,0,0,0,0,0
351,701,-5394,-1464,5998,-865,-1702,361,806,-1606,8190,-74,-229,-378,0,0,0,0,0,0,0,0,0,0,0,0
352,703,-5544,-998,6252,-856,-1704,367,684,-2162,7892,-81,-234,-374,0,0,0,0,0,0,0,0,0,0,0,0
353,705,-5616,-1056,6522,-856,-1708,369,602,-2042,8316,-88,-237,-373,0,0,0,0,0,0,0,0,0,0,0,0
354,707,-5370,-1308,6044,-855,-1701,370,402,-1810,7648,-94,-241,-367,0,0,0,0,0,0,0,0,0,0,0,0
355,709,-5784,-1320,5984,-856,-1701,372,920,-2002,8040,-93,-239,-368,0,0,0,0,0,0,0,0,0,0,0,0
356,711,-5360,-1362,6400,-861,-1714,379,608,-1480,7724,-86,-237,-377,0,0,0,0,0,0,0,0,0,0,0,0
357,713,-5418,-862,6426,-861,-1725,376,480,-1852,7472,-84,-241,-381,0,0,0,0,0,0,0,0,0,0,0,0
358,715,-5608,-1352,5812,-862,-1725,374,796,-2060,8094,-88,-242,-375,0,0,0,0,0,0,0,0,0,0,0,0
359,717,-5328,-1440,6244,-864,-1721,372,900,-1586,8090,-88,-243,-373,0,0,0,0,0,0,0,0,0,0,0,0
360,719,-5070,-1090,6154,-861,-1716,372,1110,-2094,7942,-91,-245,-368,0,0,0,0,0,0,0,0,0,0,0,0
361,721,-5418,-1412,6456,-860,-1708,368,1182,-1726,7928,-95,-249,-367,0,0,0,0,0,0,0,0,0,0,0,0
362,723,-5288,-1508,6186,-861,-1713,371,868,-1436,7868,-99,-250,-362,0,0,0,0,0,0,0,0,0,0,0,0
363,725,-5316,-1442,6076,-863,-1716,364,962,-1912,8024,-100,-245,-359,0,0,0,0,0,0,0,0,0,0,0,0
364,727,-5350,-1240,6396,-867,-1716,361,818,-1792,8112,-99,-243,-361,0,0,0,0,0,0,0,0,0,0,0,0
365,729,-5116,-1202,5910,-872,-1722,364,992,-2074,7914,-98,-240,-361,0,0,0,0,0,0,0,0,0,0,0,0
366,731,-5458,-1224,6058,-870,-1723,364,1118,-2110,7858,-93,-237,-353,0,0,0,0,0,0,0,0,0,0,0,0
367,733,-5598,-1190,5940,-863,-1718,368,1076,-1642,8060,-95,-237,-354,0,0,0,0,0,0,0,0,0,0,0,0
368,735,-5362,-1170,6400,-857,-1716,367,722,-2008,7964,-101,-238,-355,0,0,0,0,0,0,0,0,0,0,0,0
369,737,-5048,-1230,5874,-856,-1718,362,522,-1918,8000,-101,-239,-355,0,0,0,0,0,0,0,0,0,0,0,0
370,739,-5306,-1036,6148,-864,-1725,356,530,-1556,7904,-106,-241,-348,0,0,0,0,0,0,0,0,0,0,0,0
371,741,-5206,-1382,6266,-868,-1723,354,680,-1450,7804,-107,-242,-351,0,0,0,0,0,0,0,0,0,0,0,0
372,743,-5568,-774,6334,-860,-1723,356,494,-2138,7886,-108,-241,-354,0,0,0,0,0,0,0,0,0,0,0,0
373,745,-5404,-1170,6034,-854,-1724,352,822,-1928,8096,-108,-241,-352,0,0,0,0,0,0,0,0,0,0,0,0
374,747,-5364,-1232,6048,-858,-1719,358,734,-1890,7848,-109,-241,-355,0,0,0,0,0,0,0,0,0,0,0,0
375,749,-5918,-1182,6064,-861,-1722,363,626,-2102,7556,-111,-245,-352,0,0,0,0,0,0,0,0,0,0,0,0
376,751,-5516,-1082,5994,-854,-1731,365,982,-1526,7988,-108,-248,-346,0,0,0,0,0,0,0,0,0,0,0,0
377,753,-5554,-936,6498,-857,-1741,370,700,-2040,7880,-103,-246,-343,0,0,0,0,0,0,0,0,0,0,0,0
378,755,-5234,-1178,6730,-858,-1741,369,730,-1922,7706,-105,-245,-343,0,0,0,0,0,0,0,0,0,0,0,0
379,757,-5600,-1206,6672,-861,-1738,370,674,-1584,7956,-105,-250,-343,0,0,0,0,0,0,0,0,0,0,0,0
380,759,-4714,-856,6000,-859,-1742,372,1062,-1570,7760,-108,-254,-338,0,0,0,0,0,0,0,0,0,0,0,0
381,761,-5630,-1378,6030,-855,-1747,374,920,-2024,8096,-113,-259,-335,0,0,0,0,0,0,0,0,0,0,0,0
382,763,-5394,-976,6040,-857,-1752,366,1088,-2208,8248,-109,-260,-338,0,0,0,0,0,0,0,0,0,0,0,0
383,765,-5564,-1304,6516,-860,-1758,363,1208,-1982,7752,-103,-267,-342,0,0,0,0,0,0,0,0,0,0,0,0
384,767,-5434,-1244,6170,-859,-1752,362,540,-1500,7934,-98,-270,-341,0,0,0,0,0,0,0,0,0,0,0,0
385,769,-5722,-1350,6438,-859,-1757,353,1028,-1632,7760,-95,-265,-344,0,0,0,0,0,0,0,0,0,0,0,0
386,771,-5068,-1274,6254,-860,-1752,356,642,-1416,8080,-90,-265,-349,0,0,0,0,0,0,0,0,0,0,0,0
387,773,-5216,-1058,6292,-862,-1745,360,692,-1964,7868,-84,-265,-347,0,0,0,0,0,0,0,0,0,0,0,0
388,775,-5578,-768,6580,-858,-1743,360,1170,-1906,8038,-80,-261,-349,0,0,0,0,0,0,0,0,0,0,0,0
389,777,-5422,-1682,6062,-857,-1746,356,694,-1820,8054,-86,-262,-353,0,0,0,0,0,0,0,0,0,0,0,0
390,779,-5500,-1404,6042,-856,-1748,353,638,-1696,8024,-89,-258,-352,0,0,0,0,0,0,0,0,0,0,0,0
391,781,-5032,-1210,5972,-856,-1748,338,568,-1690,7748,-89,-254,-345,0,0,0,0,0,0,0,0,0,0,0,0
392,783,-5854,-1092,6176,-857,-1743,343,320,-1890,7820,-80,-250,-346,0,0,0,0,0,0,0,0,0,0,0,0
393,785,-5258,-828,5922,-861,-1740,344,690,-1748,7838,-81,-252,-347,0,0,0,0,0,0,0,0,0,0,0,0
394,787,-5488,-1524,5886,-852,-1744,345,1056,-2048,8178,-77,-256,-354,0,0,0,0,0,0,0,0,0,0,0,0
395,789,-5408,-632,6460,-856,-1745,350,370,-1920,8162,-75,-254,-353,0,0,0,0,0,0,0,0,0,0,0,0
396,791,-5502,-1124,6538,-859,-1738,350,896,-1592,8132,-77,-254,-344,0,0,0,0,0,0,0,0,0,0,0,0
397,793,-5224,-1184,6040,-857,-1736,350,1360,-1812,7790,-72,-261,-343,0,0,0,0,0,0,0,0,0,0,0,0
398,795,-5814,-1090,6852,-852,-1741,344,988,-1996,7912,-71,-262,-342,0,0,0,0,0,0,0,0,0,0,0,0
399,797,-5550,-544,6034,-851,-1738,340,620,-1638,7842,-72,-264,-338,0,0,0,0,0,0,0,0,0,0,0,0
400,799,-5234,-1024,6096,-859,-1732,341,676,-1352,8244,-70,-265,-338,0,0,0,0,0,0,0,0,0,0,0,0
401,801,-5270,-1132,6124,-857,-1729,348,1144,-2138,7904,-64,-266,-342,0,0,0,0,0,0,0,0,0,0,0,0
402,803,-5274,-1034,6198,-854,-1736,346,662,-1630,8034,-61,-262,-343,0,0,0,0,0,0,0,0,0,0,0,0
403,805,-5360,-1120,6208,-854,-1738,344,666,-1840,7826,-57,-258,-344,0,0,0,0,0,0,0,0,0,0,0,0
404,807,-4940,-840,6050,-853,-1733,345,542,-1706,7978,-53,-255,-347,0,0,0,0,0,0,0,0,0,0,0,0
405,809,-5230,-1506,6512,-853,-1731,338,818,-1902,8124,-55,-258,-350,0,0,0,0,0,0,0,0,0,0,0,0
406,811,-5794,-1388,6658,-847,-1733,333,586,-1908,8068,-53,-258,-354,0,0,0,0,0,0,0,0,0,0,0,0
407,813,-5562,-934,6170,-853,-1731,340,1154,-1874,7440,-52,-255,-352,0,0,0,0,0,0,0,0,0,0,0,0
408,815,-5526,-1042,5960,-863,-1721,344,1084,-2028,8046,-50,-251,-352,0,0,0,0,0,0,0,0,0,0,0,0
409,817,-5500,-924,6466,-865,-1722,341,604,-1772,7652,-43,-247,-355,0,0,0,0,0,0,0,0,0,0,0,0
410,819,-5350,-1008,6168,-864,-1723,344,968,-1914,7796,-38,-245,-357,0,0,0,0,0,0,0,0,0,0,0,0
411,821,-5468,-1226,6428,-868,-1722,342,1208,-1568,7798,-33,-249,-357,0,0,0,0,0,0,0,0,0,0,0,0
412,823,-5492,-1144,6408,-870,-1724,341,900,-2088,7848,-31,-245,-361,0,0,0,0,0,0,0,0,0,0,0,0
413,825,-5370,-1076,6372,-871,-1728,339,1386,-1872,7846,-29,-245,-363,0,0,0,0,0,0,0,0,0,0,0,0
414,827,-5572,-1402,5790,-866,-1730,342,1034,-2188,7996,-26,-248,-362,0,0,0,0,0,0,0,0,0,0,0,0
415,829,-5680,-1396,6132,-864,-1736,337,662,-1498,7762,-32,-252,-361,0,0,0,0,0,0,0,0,0,0,0,0
416,831,-5594,-1026,6294,-864,-1733,342,780,-1602,7758,-30,-251,-368,0,0,0,0,0,0,0,0,0,0,0,0
417,833,-5124,-1392,6388,-864,-1736,350,568,-1840,7934,-30,-247,-370,0,0,0,0,0,0,0,0,0,0,0,0
418,835,-5506,-1080,5946,-862,-1737,347,870,-1820,7670,-29,-248,-362,0,0,0,0,0,0,0,0,0,0,0,0
419,837,-5600,-972,6110,-859,-1743,347,220,-1776,7958,-27,-251,-360,0,0,0,0,0,0,0,0,0,0,0,0
420,839,-5290,-864,6274,-860,-1739,349,714,-2238,7882,-26,-243,-359,0,0,0,0,0,0,0,0,0,0,0,0
421,841,-5176,-1218,5886,-860,-1733,353,768,-1808,7896,-21,-247,-366,0,0,0,0,0,0,0,0,0,0,0,0
422,843,-5222,-840,6178,-860,-1732,355,1020,-2150,8242,-19,-252,-361,0,0,0,0,0,0,0,0,0,0,0,0
423,845,-5480,-944,6124,-861,-1737,352,712,-2004,8106,-17,-247,-355,0,0,0,0,0,0,0,0,0,0,0,0
424,847,-5200,-1168,6524,-863,-1740,352,770,-1810,8030,-11,-248,-351,0,0,0,0,0,0,0,0,0,0,0,0
425,849,-5412,-1372,6504,-864,-1739,355,514,-1670,7870,-11,-247,-352,0,0,0,0,0,0,0,0,0,0,0,0
426,851,-5518,-866,6168,-861,-1732,359,780,-2046,7946,-10,-245,-356,0,0,0,0,0,0,0,0,0,0,0,0
427,853,-5204,-1238,6344,-853,-1727,355,720,-1986,8132,-8,-244,-358,0,0,0,0,0,0,0,0,0,0,0,0
428,855,-5572,-1520,6402,-855,-1725,354,412,-2080,7942,-9,-248,-358,0,0,0,0,0,0,0,0,0,0,0,0
429,857,-5748,-1472,6388,-862,-1721,355,984,-2320,7918,-10,-246,-356,0,0,0,0,0,0,0,0,0,0,0,0
430,859,-5538,-1108,6418,-861,-1725,350,674,-1706,7428,-9,-246,-349,0,0,0,0,0,0,0,0,0,0,0,0
431,861,-5676,-1058,5860,-862,-1731,340,790,-2122,7628,-10,-246,-350,0,0,0,0,0,0,0,0,0,0,0,0
432,863,-5638,-1082,6340,-860,-1736,339,634,-1886,7930,-12,-243,-354,0,0,0,0,0,0,0,0,0,0,0,0
433,865,-5372,-1478,6148,-862,-1730,344,540,-1832,8092,-10,-240,-357,0,0,0,0,0,0,0,0,0,0,0,0
434,867,-5542,-1112,6344,-865,-1726,344,1240,-1946,7782,-7,-240,-354,0,0,0,0,0,0,0,0,0,0,0,0
435,869,-5494,-592,6254,-861,-1729,350,1148,-1822,7912,-6,-237,-351,0,0,0,0,0,0,0,0,0,0,0,0
436,871,-5230,-1118,6106,-865,-1734,350,974,-1704,8106,-8,-237,-347,0,0,0,0,0,0,0,0,0,0,0,0
437,873,-5008,-1280,6610,-873,-1735,351,926,-1780,7946,-10,-234,-345,0,0,0,0,0,0,0,0,0,0,0,0
438,875,-5630,-1172,6282,-876,-1738,352,958,-2000,7608,-13,-227,-346,0,0,0,0,0,0,0,0,0,0,0,0
439,877,-5194,-1026,6170,-872,-1744,354,720,-1896,7830,-17,-222,-347,0,0,0,0,0,0,0,0,0,0,0,0
440,879,-5194,-1212,6778,-871,-1741,348,1024,-1718,8136,-22,-222,-348,0,0,0,0,0,0,0,0,0,0,0,0
441,881,-5412,-1164,6092,-866,-1739,349,484,-1972,7682,-23,-223,-351,0,0,0,0,0,0,0,0,0,0,0,0
442,883,-5308,-1096,5868,-870,-1737,349,596,-1254,7802,-21,-221,-352,0,0,0,0,0,0,0,0,0,0,0,0
443,885,-5038,-1368,6032,-866,-1738,345,546,-2160,8042,-19,-223,-356,0,0,0,0,0,0,0,0,0,0,0,0
444,887,-5090,-1052,6276,-864,-1743,347,810,-1896,8068,-17,-226,-362,0,0,0,0,0,0,0,0,0,0,0,0
445,889,-5384,-1414,6206,-866,-1744,346,830,-2124,7998,-23,-229,-365,0,0,0,0,0,0,0,0,0,0,0,0
446,891,-5640,-1006,6186,-867,-1742,350,568,-1816,7706,-32,-231,-363,0,0,0,0,0,0,0,0,0,0,0,0
447,893,-5852,-1238,6438,-862,-1738,350,778,-1950,7888,-36,-233,-361,0,0,0,0,0,0,0,0,0,0,0,0
448,895,-5376,-1350,6212,-862,-1740,351,1228,-1790,7930,-41,-235,-364,0,0,0,0,0,0,0,0,0,0,0,0
449,897,-5666,-1198,6208,-863,-1739,351,968,-1962,8432,-43,-235,-366,0,0,0,0,0,0,0,0,0,0,0,0
450,899,-5428,-1186,6090,-868,-1739,354,662,-2208,8152,-49,-235,-366,0,0,0,0,0,0,0,0,0,0,0,0
451,901,-5258,-936,6112,-867,-1749,350,670,-1922,7758,-53,-238,-364,0,0,0,0,0,0,0,0,0,0,0,0
452,903,-5566,-1072,6750,-859,-1756,346,838,-2140,8110,-60,-238,-356,0,0,0,0,0,0,0,0,0,0,0,0
453,905,-5626,-1080,6544,-862,-1751,350,1032,-1712,7944,-62,-236,-352,0,0,0,0,0,0,0,0,0,0,0,0
454,907,-5376,-1438,5762,-864,-1744,347,878,-1704,8190,-62,-236,-347,0,0,0,0,0,0,0,0,0,0,0,0
455,909,-5496,-992,5706,-856,-1745,350,966,-1630,8120,-56,-235,-346,0,0,0,0,0,0,0,0,0,0,0,0
456,911,-5370,-1038,6254,-852,-1746,351,1220,-1686,7722,-56,-227,-349,0,0,0,0,0,0,0,0,0,0,0,0
457,913,-5422,-1090,6246,-854,-1747,346,1020,-1674,8234,-57,-229,-349,0,0,0,0,0,0,0,0,0,0,0,0
458,915,-5476,-904,6012,-859,-1739,344,858,-2082,8172,-58,-229,-346,0,0,0,0,0,0,0,0,0,0,0,0
459,917,-5262,-1178,5900,-862,-1735,339,432,-1942,7680,-62,-228,-344,0,0,0,0,0,0,0,0,0,0,0,0
460,919,-5366,-1100,6176,-857,-1730,345,1282,-1830,7846,-72,-229,-346,0,0,0,0,0,0,0,0,0,0,0,0
461,921,-5074,-1546,6302,-857,-1727,347,384,-1940,7896,-77,-236,-345,0,0,0,0,0,0,0,0,0,0,0,0
462,923,-5060,-1160,5988,-861,-1726,344,868,-1588,8124,-82,-238,-346,0,0,0,0,0,0,0,0,0,0,0,0
463,925,-5492,-1076,5926,-863,-1727,349,1116,-1720,7838,-80,-234,-348,0,0,0,0,0,0,0,0,0,0,0,0
464,927,-5402,-1214,6596,-856,-1725,351,678,-1874,8012,-78,-234,-345,0,0,0,0,0,0,0,0,0,0,0,0
465,929,-5376,-1326,5994,-852,-1730,350,770,-2022,7770,-81,-238,-352,0,0,0,0,0,0,0,0,0,0,0,0
466,931,-5314,-1146,6224,-855,-1728,356,594,-1932,7812,-85,-238,-345,0,0,0,0,0,0,0,0,0,0,0,0
467,933,-5280,-1180,6482,-855,-1723,358,456,-2058,7902,-91,-238,-345,0,0,0,0,0,0,0,0,0,0,0,0
468,935,-5406,-1268,6554,-855,-1724,356,672,-1914,7576,-89,-240,-352,0,0,0,0,0,0,0,0,0,0,0,0
469,937,-5488,-1332,6284,-856,-1726,358,836,-1540,7752,-89,-241,-351,0,0,0,0,0,0,0,0,0,0,0,0
470,939,-5430,-1500,6136,-856,-1723,359,666,-1710,7746,-94,-240,-348,0,0,0,0,0,0,0,0,0,0,0,0
471,941,-5140,-1314,6008,-857,-1721,356,598,-1558,8088,-99,-240,-347,0,0,0,0,0,0,0,0,0,0,0,0
472,943,-5270,-1214,6170,-854,-1721,353,912,-2094,7996,-99,-235,-343,0,0,0,0,0,0,0,0,0,0,0,0
473,945,-5676,-760,5900,-854,-1724,354,888,-1628,7628,-94,-240,-343,0,0,0,0,0,0,0,0,0,0,0,0
474,947,-5416,-1148,5950,-853,-1721,353,610,-2206,7834,-91,-238,-344,0,0,0,0,0,0,0,0,0,0,0,0
475,949,-5074,-1230,5786,-854,-1718,362,906,-1682,7758,-93,-232,-343,0,0,0,0,0,0,0,0,0,0,0,0
476,951,-5336,-1320,6168,-851,-1722,356,774,-1436,7780,-94,-231,-344,0,0,0,0,0,0,0,0,0,0,0,0
477,953,-5316,-1146,5904,-850,-1728,358,730,-1306,7882,-97,-232,-340,0,0,0,0,0,0,0,0,0,0,0,0
478,955,-5406,-1518,6004,-848,-1724,354,684,-1722,7894,-98,-237,-351,0,0,0,0,0,0,0,0,0,0,0,0
479,957,-5698,-1350,6168,-850,-1720,346,786,-1774,8078,-98,-239,-354,0,0,0,0,0,0,0,0,0,0,0,0
480,959,-5474,-1238,6092,-852,-1721,349,1394,-1514,7782,-95,-238,-357,0,0,0,0,0,0,0,0,0,0,0,0
481,961,-5300,-1168,6304,-852,-1726,349,588,-2016,7770,-92,-239,-353,0,0,0,0,0,0,0,0,0,0,0,0
482,963,-5312,-954,6340,-846,-1726,347,646,-2024,7842,-91,-237,-348,0,0,0,0,0,0,0,0,0,0,0,0
483,965,-5422,-1190,6252,-845,-1724,346,414,-1814,7438,-88,-236,-352,0,0,0,0,0,0,0,0,0,0,0,0
484,967,-5408,-1082,6236,-850,-1723,348,998,-1718,7772,-85,-235,-348,0,0,0,0,0,0,0,0,0,0,0,0
485,969,-5436,-1080,5978,-844,-1724,351,632,-1646,7804,-78,-234,-341,0,0,0,0,0,0,0,0,0,0,0,0
486,971,-5436,-1080,5978,-844,-1724,351,798,-1456,8228,-74,-233,-343,0,0,0,0,0,0,0,0,0,0,0,0
487,973,-5430,-1018,6046,-848,-1720,363,672,-2162,7846,-82,-238,-347,0,0,0,0,0,0,0,0,0,0,0,0
488,975,-5586,-960,6444,-848,-1718,359,856,-1192,7866,-82,-243,-350,0,0,0,0,0,0,0,0,0,0,0,0
489,977,-5446,-1088,5764,-844,-1719,357,474,-1616,8184,-79,-243,-349,0,0,0,0,0,0,0,0,0,0,0,0
490,979,-5440,-1012,6030,-844,-1725,359,678,-1828,7822,-78,-239,-349,0,0,0,0,0,0,0,0,0,0,0,0
491,981,-5218,-1430,6008,-853,-1730,357,1026,-1796,7706,-79,-239,-347,0,0,0,0,0,0,0,0,0,0,0,0
492,983,-5048,-920,5780,-858,-1725,353,1254,-1704,7688,-80,-239,-343,0,0,0,0,0,0,0,0,0,0,0,0
493,985,-5450,-1128,5826,-857,-1720,350,662,-2056,7936,-70,-239,-344,0,0,0,0,0,0,0,0,0,0,0,0
494,987,-5348,-1054,6140,-852,-1719,348,926,-1930,8106,-64,-237,-344,0,0,0,0,0,0,0,0,0,0,0,0
495,989,-5322,-1372,6406,-855,-1717,345,456,-1692,8060,-64,-239,-344,0,0,0,0,0,0,0,0,0,0,0,0
496,991,-5556,-1338,6160,-861,-1713,345,368,-1734,7706,-64,-238,-349,0,0,0,0,0,0,0,0,0,0,0,0
497,993,-5178,-1482,5878,-868,-1715,349,818,-1600,7736,-67,-238,-351,0,0,0,0,0,0,0,0,0,0,0,0
498,995,-5314,-936,6226,-867,-1718,350,862,-1970,7736,-64,-234,-347,0,0,0,0,0,0,0,0,0,0,0,0
499,997,-4984,-1016,5940,-861,-1716,354,1042,-1876,8050,-69,-235,-344,0,0,0,0,0,0,0,0,0,0,0,0
500,999,-5414,-1182,6528,-863,-1715,356,350,-1712,8144,-73,-235,-341,0,0,0,0,0,0,0,0,0,0,0,0
501,1001,-5444,-1188,6314,-866,-1717,354,680,-2112,8136,-76,-236,-338,0,0,0,0,0,0,0,0,0,0,0,0
502,1003,-5310,-1228,6018,-857,-1718,358,706,-1774,8018,-69,-235,-328,0,0,0,0,0,0,0,0,0,0,0,0
503,1005,-5476,-1094,5974,-857,-1723,355,808,-1354,7894,-65,-235,-331,0,0,0,0,0,0,0,0,0,0,0,0
504,1007,-5426,-1054,6178,-864,-1727,354,528,-1854,8156,-67,-236,-335,0,0,0,0,0,0,0,0,0,0,0,0
505,1009,-5630,-1512,6070,-862,-1728,356,830,-1648,7878,-64,-239,-341,0,0,0,0,0,0,0,0,0,0,0,0
506,1011,-5424,-1180,5856,-856,-1730,361,594,-1994,8022,-57,-241,-350,0,0,0,0,0,0,0,0,0,0,0,0
507,1013,-5234,-1398,5842,-860,-1725,366,546,-1546,7902,-59,-239,-347,0,0,0,0,0,0,0,0,0,0,0,0
508,1015,-5590,-984,6272,-861,-1722,367,554,-1720,7520,-58,-237,-343,0,0,0,0,0,0,0,0,0,0,0,0
509,1017,-5172,-1118,6350,-859,-1724,356,852,-1654,7998,-57,-239,-349,0,0,0,0,0,0,0,0,0,0,0,0
510,1019,-5208,-1464,6292,-860,-1735,357,1210,-1994,7822,-62,-238,-341,0,0,0,0,0,0,0,0,0,0,0,0
511,1021,-5188,-704,6202,-860,-1734,355,866,-1536,7766,-62,-237,-344,0,0,0,0,0,0,0,0,0,0,0,0
512,1023,-5184,-1148,6226,-863,-1733,355,328,-1924,7742,-61,-242,-347,0,0,0,0,0,0,0,0,0,0,0,0
513,1025,-5574,-896,5634,-865,-1734,356,860,-1768,8206,-61,-240,-349,0,0,0,0,0,0,0,0,0,0,0,0
514,1027,-5184,-1432,6236,-856,-1734,365,890,-1638,8098,-61,-243,-348,0,0,0,0,0,0,0,0,0,0,0,0
515,1029,-5352,-1236,6198,-858,-1743,365,906,-1882,7868,-66,-245,-348,0,0,0,0,0,0,0,0,0,0,0,0
516,1031,-5352,-1236,6198,-858,-1743,365,794,-1784,7924,-63,-252,-348,0,0,0,0,0,0,0,0,0,0,0,0
517,1033,-5398,-1292,5928,-857,-1744,369,928,-1774,7734,-53,-244,-350,0,0,0,0,0,0,0,0,0,0,0,0
518,1035,-5552,-834,5950,-853,-1747,364,862,-1834,7590,-53,-241,-358,0,0,0,0,0,0,0,0,0,0,0,0
519,1037,-5446,-1188,6456,-851,-1744,359,626,-1988,8108,-46,-244,-367,0,0,0,0,0,0,0,0,0,0,0,0
520,1039,-5000,-702,6584,-847,-1738,357,1004,-1982,7936,-41,-243,-366,0,0,0,0,0,0,0,0,0,0,0,0
521,1041,-5556,-1272,5874,-845,-1730,356,842,-2074,8178,-41,-239,-360,0,0,0,0,0,0,0,0,0,0,0,0
522,1043,-5338,-1374,6486,-844,-1735,353,994,-1570,8132,-39,-234,-357,0,0,0,0,0,0,0,0,0,0,0,0
523,1045,-5204,-1256,6450,-836,-1744,348,606,-1798,8146,-41,-230,-356,0,0,0,0,0,0,0,0,0,0,0,0
524,1047,-5422,-1450,6104,-846,-1740,350,618,-1632,7864,-40,-228,-358,0,0,0,0,0,0,0,0,0,0,0,0
525,1049,-5422,-1450,6104,-846,-1740,350,978,-2008,8100,-39,-230,-359,0,0,0,0,0,0,0,0,0,0,0,0
526,1051,-5454,-1132,6490,-849,-1733,341,1010,-1954,7840,-42,-230,-360,0,0,0,0,0,0,0,0,0,0,0,0
527,1053,-5302,-1656,6362,-845,-1733,344,818,-2098,8168,-38,-233,-361,0,0,0,0,0,0,0,0,0,0,0,0
528,1055,-5314,-1484,6266,-845,-1735,352,780,-1826,7976,-35,-231,-361,0,0,0,0,0,0,0,0,0,0,0,0
529,1057,-5094,-1074,6346,-852,-1741,356,1122,-2074,7670,-31,-227,-364,0,0,0,0,0,0,0,0,0,0,0,0
530,1059,-5608,-1116,6158,-857,-1744,357,696,-1702,8004,-31,-228,-362,0,0,0,0,0,0,0,0,0,0,0,0
531,1061,-5634,-1316,5924,-856,-1743,356,572,-1864,8222,-28,-228,-354,0,0,0,0,0,0,0,0,0,0,0,0
532,1063,-5602,-1452,6294,-861,-1744,353,666,-2156,8386,-28,-226,-354,0,0,0,0,0,0,0,0,0,0,0,0
533,1065,-5202,-902,5892,-863,-1734,360,748,-2012,7942,-22,-224,-355,0,0,0,0,0,0,0,0,0,0,0,0
534,1067,-5178,-1194,5992,-863,-1729,366,1042,-1718,7750,-22,-228,-354,0,0,0,0,0,0,0,0,0,0,0,0
535,1069,-5206,-1042,6420,-861,-1732,372,646,-1714,8092,-23,-227,-358,0,0,0,0,0,0,0,0,0,0,0,0
536,1071,-5376,-1282,5988,-863,-1738,381,572,-1518,8196,-20,-229,-360,0,0,0,0,0,0,0,0,0,0,0,0
537,1073,-5118,-1338,6358,-865,-1740,382,1174,-1596,8168,-15,-227,-359,0,0,0,0,0,0,0,0,0,0,0,0
538,1075,-5228,-922,5556,-863,-1738,379,1028,-1716,7876,-17,-231,-355,0,0,0,0,0,0,0,0,0,0,0,0
539,1077,-5360,-1148,6576,-860,-1737,372,578,-1522,7840,-21,-232,-351,0,0,0,0,0,0,0,0,0,0,0,0
540,1079,-5290,-928,6632,-853,-1729,368,6,-1728,7912,-25,-230,-347,0,0,0,0,0,0,0,0,0,0,0,0
541,1081,-5384,-1276,6142,-858,-1727,370,936,-1572,8282,-24,-227,-353,0,0,0,0,0,0,0,0,0,0,0,0
542,1083,-5552,-1216,6356,-864,-1728,370,938,-1436,8254,-25,-230,-355,0,0,0,0,0,0,0,0,0,0,0,0
543,1085,-5800,-840,6154,-863,-1741,364,850,-2146,8442,-25,-237,-362,0,0,0,0,0,0,0,0,0,0,0,0
544,1087,-5694,-1176,6100,-865,-1741,365,910,-2096,7886,-22,-235,-364,0,0,0,0,0,0,0,0,0,0,0,0
545,1089,-5402,-1210,6114,-868,-1738,363,796,-1902,7802,-20,-235,-362,0,0,0,0,0,0,0,0,0,0,0,0
546,1091,-5794,-1196,6128,-865,-1736,365,596,-1210,7880,-17,-244,-361,0,0,0,0,0,0,0,0,0,0,0,0
547,1093,-5222,-1158,6322,-866,-1729,365,690,-1952,7880,-15,-251,-362,0,0,0,0,0,0,0,0,0,0,0,0
548,1095,-5442,-1334,6078,-866,-1736,357,790,-1664,8036,-13,-242,-359,0,0,0,0,0,0,0,0,0,0,0,0
549,1097,-5364,-1266,6306,-863,-1732,361,674,-1426,8084,-18,-243,-355,0,0,0,0,0,0,0,0,0,0,0,0
550,1099,-5366,-1618,6140,-862,-1725,362,1104,-1334,7920,-25,-243,-356,0,0,0,0,0,0,0,0,0,0,0,0
