sample_count, ms, RAW_Acc X1[G], RAW_Acc Y1[G], RAW_Acc Z1[G], RAW_Gyro X1[deg/s], RAW_Gyro Y1[deg/s], RAW_Gyro Z1[deg/s], RAW_Acc X2[G], RAW_Acc Y2[G], RAW_Acc Z2[G], RAW_Gyro X2[deg/s], RAW_Gyro Y2[deg/s], RAW_Gyro Z2[deg/s], RAW_Acc X3[G], RAW_Acc Y3[G], RAW_Acc Z3[G], RAW_Gyro X3[deg/s], RAW_Gyro Y3[deg/s], RAW_Gyro Z3[deg/s], RAW_Acc X4[G], RAW_Acc Y4[G], RAW_Acc Z4[G], RAW_Gyro X4[deg/s], RAW_Gyro Y4[deg/s], RAW_Gyro Z4[deg/s]
0,0,-0.6118164,-0.11352539,0.7692871,987.4962,974.44275,5.328244,0.12158203,-0.22216797,0.9758301,1000.38165,997.0229,994.80914,0.0,0.0,0.0,0.0,0.0,0.0,0.0,0.0,0.0,0.0,0.0,0.0
1,1,-0.6398926,-0.12182617,0.76904297,987.52673,974.4275,5.3435116,0.10546875,-0.20336914,0.9296875,1000.30536,996.9466,994.80914,0.0,0.0,0.0,0.0,0.0,0.0,0.0,0.0,0.0,0.0,0.0,0.0
2,3,-0.6398926,-0.12182617,0.76904297,987.52673,974.4275,5.3435116,0.07910156,-0.23413086,0.9423828,1000.1985,996.80914,994.9771,0.0,0.0,0.0,0.0,0.0,0.0,0.0,0.0,0.0,0.0,0.0,0.0
3,5,-0.6245117,-0.1394043,0.77856445,987.4351,974.1985,5.29771,0.11645508,-0.25341797,0.96435547,1000.15265,996.7939,994.9924,0.0,0.0,0.0,0.0,0.0,0.0,0.0,0.0,0.0,0.0,0.0,0.0
4,7,-0.6340332,-0.14282227,0.78222656,987.374,974.16797,5.29771,0.088378906,-0.22436523,0.9836426,1000.0611,996.7786,994.9313,0.0,0.0,0.0,0.0,0.0,0.0,0.0,0.0,0.0,0.0,0.0,0.0
5,9,-0.6599121,-0.12158203,0.74975586,987.46564,974.1832,5.29771,0.10620117,-0.21606445,0.9572754,1000.0,996.76337,994.9313,0.0,0.0,0.0,0.0,0.0,0.0,0.0,0.0,0.0,0.0,0.0,0.0
6,11,-0.70532227,-0.18383789,0.74365234,987.5115,974.1985,5.3129773,0.08691406,-0.19750977,0.9614258,1000.0305,996.7176,994.96185,0.0,0.0,0.0,0.0,0.0,0.0,0.0,0.0,0.0,0.0,0.0,0.0
7,13,-0.64038086,-0.12060547,0.8388672,987.542,974.229,5.3129773,0.12670898,-0.23632812,0.95214844,1000.0,996.7481,994.9924,0.0,0.0,0.0,0.0,0.0,0.0,0.0,0.0,0.0,0.0,0.0,0.0
8,15,-0.6455078,-0.16894531,0.7602539,987.52673,974.3664,5.3435116,0.092285156,-0.22045898,0.9733887,999.9542,996.7481,995.0076,0.0,0.0,0.0,0.0,0.0,0.0,0.0,0.0,0.0,0.0,0.0,0.0
9,17,-0.65771484,-0.12402344,0.74853516,987.4351,974.44275,5.3435116,0.09814453,-0.24707031,0.96118164,999.98474,996.7176,995.03815,0.0,0.0,0.0,0.0,0.0,0.0,0.0,0.0,0.0,0.0,0.0,0.0
10,19,-0.7089844,-0.1640625,0.6821289,987.46564,974.3664,5.389313,0.09106445,-0.17285156,0.95654297,999.8931,996.6565,995.0229,0.0,0.0,0.0,0.0,0.0,0.0,0.0,0.0,0.0,0.0,0.0,0.0
11,21,-0.65893555,-0.16210938,0.76049805,987.4809,974.397,5.2671757,0.07397461,-0.21142578,0.9562988,999.8626,996.7023,994.9313,0.0,0.0,0.0,0.0,0.0,0.0,0.0,0.0,0.0,0.0,0.0,0.0
12,23,-0.6435547,-0.15917969,0.70996094,987.4504,974.458,5.19084,0.053955078,-0.27124023,0.99609375,999.84735,996.7481,994.96185,0.0,0.0,0.0,0.0,0.0,0.0,0.0,0.0,0.0,0.0,0.0,0.0
13,25,-0.6491699,-0.11401367,0.76660156,987.542,974.5954,5.221374,0.072753906,-0.22070312,1.001709,999.7252,996.7176,995.0229,0.0,0.0,0.0,0.0,0.0,0.0,0.0,0.0,0.0,0.0,0.0,0.0
14,28,-0.6791992,-0.14819336,0.77319336,987.55725,974.58014,5.3129773,0.09106445,-0.2783203,0.89746094,999.69464,996.73285,995.0229,0.0,0.0,0.0,0.0,0.0,0.0,0.0,0.0,0.0,0.0,0.0,0.0
15,29,-0.63305664,-0.19311523,0.7524414,987.603,974.5649,5.3129773,0.12988281,-0.25146484,0.96777344,999.64886,996.73285,995.0687,0.0,0.0,0.0,0.0,0.0,0.0,0.0,0.0,0.0,0.0,0.0,0.0
16,31,-0.6652832,-0.17285156,0.7675781,987.58777,974.5954,5.221374,0.10986328,-0.24072266,0.9711914,999.61835,996.7481,995.0229,0.0,0.0,0.0,0.0,0.0,0.0,0.0,0.0,0.0,0.0,0.0,0.0
17,33,-0.6796875,-0.12768555,0.74853516,987.58777,974.64124,5.145038,0.018310547,-0.22387695,0.95166016,999.55725,996.73285,994.9466,0.0,0.0,0.0,0.0,0.0,0.0,0.0,0.0,0.0,0.0,0.0,0.0
18,35,-0.6850586,-0.18164062,0.75756836,987.6794,974.626,5.2519083,0.11621094,-0.24780273,0.9394531,999.5115,996.7023,994.9771,0.0,0.0,0.0,0.0,0.0,0.0,0.0,0.0,0.0,0.0,0.0,0.0
19,37,-0.62939453,-0.1394043,0.78686523,987.7405,974.44275,5.2366414,0.10058594,-0.22924805,0.9819336,999.46564,996.7176,994.96185,0.0,0.0,0.0,0.0,0.0,0.0,0.0,0.0,0.0,0.0,0.0,0.0
20,39,-0.63549805,-0.18164062,0.7438965,987.8015,974.53436,5.29771,0.123291016,-0.23095703,0.984375,999.41986,996.76337,994.9466,0.0,0.0,0.0,0.0,0.0,0.0,0.0,0.0,0.0,0.0,0.0,0.0
21,41,-0.6809082,-0.14794922,0.763916,987.8626,974.5954,5.29771,0.096191406,-0.25732422,0.99560547,999.4504,996.7786,994.9313,0.0,0.0,0.0,0.0,0.0,0.0,0.0,0.0,0.0,0.0,0.0,0.0
22,43,-0.68481445,-0.19238281,0.7158203,987.8931,974.50385,5.29771,0.107666016,-0.22241211,0.970459,999.4962,996.7023,994.96185,0.0,0.0,0.0,0.0,0.0,0.0,0.0,0.0,0.0,0.0,0.0,0.0
23,46,-0.66381836,-0.15185547,0.7312012,987.8168,974.5191,5.2824426,0.10083008,-0.21044922,0.97680664,999.46564,996.73285,994.9924,0.0,0.0,0.0,0.0,0.0,0.0,0.0,0.0,0.0,0.0,0.0,0.0
24,47,-0.6760254,-0.16674805,0.826416,987.78625,974.458,5.4503818,0.07446289,-0.23242188,0.99365234,999.35876,996.67175,994.9313,0.0,0.0,0.0,0.0,0.0,0.0,0.0,0.0,0.0,0.0,0.0,0.0
25,49,-0.685791,-0.13867188,0.73779297,987.771,974.47327,5.3435116,0.118896484,-0.2084961,0.9614258,999.2519,996.5649,994.916,0.0,0.0,0.0,0.0,0.0,0.0,0.0,0.0,0.0,0.0,0.0,0.0
26,51,-0.68115234,-0.12695312,0.7597656,987.8015,974.44275,5.3129773,0.10253906,-0.21875,0.9824219,999.1756,996.6107,994.9771,0.0,0.0,0.0,0.0,0.0,0.0,0.0,0.0,0.0,0.0,0.0,0.0
27,53,-0.67456055,-0.16455078,0.7441406,987.8168,974.38165,5.29771,0.11669922,-0.2331543,0.96899414,999.1145,996.7176,994.9771,0.0,0.0,0.0,0.0,0.0,0.0,0.0,0.0,0.0,0.0,0.0,0.0
28,55,-0.69189453,-0.14770508,0.7233887,987.771,974.38165,5.221374,0.07421875,-0.20605469,0.94140625,999.084,996.7481,994.9313,0.0,0.0,0.0,0.0,0.0,0.0,0.0,0.0,0.0,0.0,0.0,0.0
29,58,-0.6958008,-0.10986328,0.7746582,987.8015,974.3206,5.1755724,0.06982422,-0.18066406,0.9472656,999.145,996.7481,994.8855,0.0,0.0,0.0,0.0,0.0,0.0,0.0,0.0,0.0,0.0,0.0,0.0
30,59,-0.6513672,-0.13598633,0.7409668,987.75574,974.2595,5.2519083,0.07543945,-0.22094727,0.9694824,999.2519,996.76337,994.90076,0.0,0.0,0.0,0.0,0.0,0.0,0.0,0.0,0.0,0.0,0.0,0.0
31,61,-0.6542969,-0.16748047,0.7705078,987.7099,974.1985,5.2061067,0.12817383,-0.2055664,0.99365234,999.26715,996.7786,994.7481,0.0,0.0,0.0,0.0,0.0,0.0,0.0,0.0,0.0,0.0,0.0,0.0
32,63,-0.6376953,-0.1027832,0.7824707,987.6794,974.27484,5.2671757,0.05126953,-0.24291992,0.9321289,999.3435,996.8244,994.76337,0.0,0.0,0.0,0.0,0.0,0.0,0.0,0.0,0.0,0.0,0.0,0.0
33,66,-0.595459,-0.17285156,0.7062988,987.6794,974.4885,5.3129773,0.13671875,-0.22045898,0.9555664,999.3435,996.8397,994.6565,0.0,0.0,0.0,0.0,0.0,0.0,0.0,0.0,0.0,0.0,0.0,0.0
34,67,-0.63427734,-0.1472168,0.77368164,987.6336,974.47327,5.3587785,0.060546875,-0.23730469,0.98217773,999.3435,996.90076,994.64124,0.0,0.0,0.0,0.0,0.0,0.0,0.0,0.0,0.0,0.0,0.0,0.0
35,69,-0.63427734,-0.13623047,0.734375,987.7252,974.458,5.1755724,0.0871582,-0.19848633,0.95581055,999.32825,996.87024,994.6107,0.0,0.0,0.0,0.0,0.0,0.0,0.0,0.0,0.0,0.0,0.0,0.0
36,71,-0.6513672,-0.20361328,0.7519531,987.78625,974.397,5.2061067,0.08935547,-0.1887207,0.9187012,999.2977,996.8855,994.58014,0.0,0.0,0.0,0.0,0.0,0.0,0.0,0.0,0.0,0.0,0.0,0.0
37,74,-0.6464844,-0.1784668,0.7626953,987.7099,974.41223,5.2824426,0.041748047,-0.18847656,0.98339844,999.2825,996.9313,994.53436,0.0,0.0,0.0,0.0,0.0,0.0,0.0,0.0,0.0,0.0,0.0,0.0
38,76,-0.65356445,-0.1430664,0.77612305,987.7405,974.4275,5.3129773,0.14648438,-0.25268555,0.96972656,999.2061,996.916,994.5649,0.0,0.0,0.0,0.0,0.0,0.0,0.0,0.0,0.0,0.0,0.0,0.0
39,78,-0.68066406,-0.13500977,0.7746582,987.87787,974.458,5.3587785,0.088134766,-0.23608398,0.91552734,999.1145,996.8855,994.5496,0.0,0.0,0.0,0.0,0.0,0.0,0.0,0.0,0.0,0.0,0.0,0.0
40,80,-0.69384766,-0.14453125,0.73583984,987.8015,974.3664,5.2366414,0.103271484,-0.22265625,0.9511719,999.12976,996.916,994.4885,0.0,0.0,0.0,0.0,0.0,0.0,0.0,0.0,0.0,0.0,0.0,0.0
41,82,-0.68603516,-0.13989258,0.6960449,987.61835,974.44275,5.3129773,0.10498047,-0.21069336,0.9567871,999.12976,996.916,994.50385,0.0,0.0,0.0,0.0,0.0,0.0,0.0,0.0,0.0,0.0,0.0,0.0
42,84,-0.6726074,-0.1652832,0.736084,987.542,974.35114,5.2824426,0.07324219,-0.22680664,0.97314453,999.0687,996.8855,994.4885,0.0,0.0,0.0,0.0,0.0,0.0,0.0,0.0,0.0,0.0,0.0,0.0
43,86,-0.65649414,-0.087890625,0.79345703,987.64886,974.3206,5.2671757,0.04663086,-0.18652344,0.9577637,999.145,996.916,994.50385,0.0,0.0,0.0,0.0,0.0,0.0,0.0,0.0,0.0,0.0,0.0,0.0
44,88,-0.66845703,-0.13549805,0.7109375,987.55725,974.2595,5.221374,0.10498047,-0.22924805,0.9628906,999.19086,997.0229,994.47327,0.0,0.0,0.0,0.0,0.0,0.0,0.0,0.0,0.0,0.0,0.0,0.0
45,89,-0.68530273,-0.1340332,0.7709961,987.4809,974.3359,5.145038,0.1105957,-0.1694336,0.9511719,999.23663,997.0229,994.53436,0.0,0.0,0.0,0.0,0.0,0.0,0.0,0.0,0.0,0.0,0.0,0.0
46,91,-0.6765137,-0.17407227,0.7753906,987.46564,974.38165,5.068702,0.12866211,-0.22583008,0.9399414,999.313,996.8244,994.6107,0.0,0.0,0.0,0.0,0.0,0.0,0.0,0.0,0.0,0.0,0.0,0.0
47,93,-0.64038086,-0.12060547,0.71362305,987.4809,974.41223,5.0534353,0.08691406,-0.17944336,0.9748535,999.32825,996.73285,994.6565,0.0,0.0,0.0,0.0,0.0,0.0,0.0,0.0,0.0,0.0,0.0,0.0
48,94,-0.6850586,-0.10205078,0.79711914,987.52673,974.35114,5.038168,0.06762695,-0.1875,0.9362793,999.2977,996.7786,994.6565,0.0,0.0,0.0,0.0,0.0,0.0,0.0,0.0,0.0,0.0,0.0,0.0
49,96,-0.66015625,-0.14770508,0.7285156,987.4962,974.3206,4.9160304,0.063964844,-0.2277832,0.93188477,999.2977,996.73285,994.6107,0.0,0.0,0.0,0.0,0.0,0.0,0.0,0.0,0.0,0.0,0.0,0.0
50,98,-0.68481445,-0.125,0.76660156,987.4351,974.35114,4.8702292,0.0847168,-0.19140625,0.9729004,999.38934,996.7023,994.626,0.0,0.0,0.0,0.0,0.0,0.0,0.0,0.0,0.0,0.0,0.0,0.0
51,100,-0.6479492,-0.12695312,0.71435547,987.4351,974.2901,4.778626,0.076660156,-0.25097656,1.0046387,999.35876,996.6565,994.626,0.0,0.0,0.0,0.0,0.0,0.0,0.0,0.0,0.0,0.0,0.0,0.0
52,102,-0.6381836,-0.122802734,0.7685547,987.4962,974.2595,4.6564884,0.09692383,-0.23168945,0.9440918,999.41986,996.7023,994.5954,0.0,0.0,0.0,0.0,0.0,0.0,0.0,0.0,0.0,0.0,0.0,0.0
53,104,-0.6748047,-0.079589844,0.763916,987.52673,974.27484,4.6870227,0.050048828,-0.2626953,0.9777832,999.4351,996.7481,994.64124,0.0,0.0,0.0,0.0,0.0,0.0,0.0,0.0,0.0,0.0,0.0,0.0
54,106,-0.6748047,-0.079589844,0.763916,987.52673,974.27484,4.6870227,0.07324219,-0.2644043,0.9321289,999.41986,996.73285,994.6107,0.0,0.0,0.0,0.0,0.0,0.0,0.0,0.0,0.0,0.0,0.0,0.0
55,108,-0.673584,-0.12573242,0.73413086,987.55725,974.229,4.70229,0.1105957,-0.26660156,0.939209,999.5115,996.7176,994.58014,0.0,0.0,0.0,0.0,0.0,0.0,0.0,0.0,0.0,0.0,0.0,0.0
56,110,-0.64819336,-0.111572266,0.7871094,987.6336,974.229,4.59542,0.08959961,-0.1796875,0.97802734,999.603,996.73285,994.5954,0.0,0.0,0.0,0.0,0.0,0.0,0.0,0.0,0.0,0.0,0.0,0.0
57,112,-0.64746094,-0.19238281,0.78930664,987.603,974.21375,4.5038166,0.14892578,-0.21289062,0.95410156,999.603,996.7481,994.67175,0.0,0.0,0.0,0.0,0.0,0.0,0.0,0.0,0.0,0.0,0.0,0.0
58,114,-0.6467285,-0.12646484,0.7141113,987.52673,974.229,4.442748,0.09057617,-0.21069336,0.9729004,999.58777,996.8397,994.7939,0.0,0.0,0.0,0.0,0.0,0.0,0.0,0.0,0.0,0.0,0.0,0.0
59,116,-0.6245117,-0.18066406,0.71850586,987.52673,974.2901,4.5343513,0.15283203,-0.19750977,0.9272461,999.542,996.9771,994.87024,0.0,0.0,0.0,0.0,0.0,0.0,0.0,0.0,0.0,0.0,0.0,0.0
60,118,-0.63916016,-0.13330078,0.85839844,987.55725,974.2901,4.5648856,0.087646484,-0.20483398,0.9604492,999.58777,996.90076,994.80914,0.0,0.0,0.0,0.0,0.0,0.0,0.0,0.0,0.0,0.0,0.0,0.0
61,121,-0.6813965,-0.11621094,0.7805176,987.6336,974.38165,4.6412215,0.10961914,-0.18554688,0.93725586,999.64886,996.87024,994.7481,0.0,0.0,0.0,0.0,0.0,0.0,0.0,0.0,0.0,0.0,0.0,0.0
62,123,-0.6723633,-0.14428711,0.7702637,987.603,974.397,4.671756,0.115234375,-0.19628906,0.9382324,999.6336,996.9313,994.7786,0.0,0.0,0.0,0.0,0.0,0.0,0.0,0.0,0.0,0.0,0.0,0.0
63,125,-0.6411133,-0.15527344,0.7624512,987.603,974.38165,4.7175574,0.08959961,-0.29589844,0.9628906,999.64886,997.0229,994.7939,0.0,0.0,0.0,0.0,0.0,0.0,0.0,0.0,0.0,0.0,0.0,0.0
64,127,-0.62231445,-0.13500977,0.8198242,987.6794,974.2595,4.7938933,0.10961914,-0.19018555,0.9880371,999.8321,997.05347,994.7481,0.0,0.0,0.0,0.0,0.0,0.0,0.0,0.0,0.0,0.0,0.0,0.0
65,128,-0.67333984,-0.13769531,0.7468262,987.6641,974.229,4.80916,0.08276367,-0.19799805,0.9382324,999.8168,997.0687,994.76337,0.0,0.0,0.0,0.0,0.0,0.0,0.0,0.0,0.0,0.0,0.0,0.0
66,130,-0.6723633,-0.10205078,0.7036133,987.55725,974.24426,4.9007635,0.104003906,-0.20288086,0.9433594,999.8015,997.03815,994.8397,0.0,0.0,0.0,0.0,0.0,0.0,0.0,0.0,0.0,0.0,0.0,0.0
67,132,-0.6591797,-0.11450195,0.76904297,987.4809,974.3206,4.961832,0.06567383,-0.21020508,0.9470215,999.9084,997.03815,994.8855,0.0,0.0,0.0,0.0,0.0,0.0,0.0,0.0,0.0,0.0,0.0,0.0
68,134,-0.6965332,-0.16015625,0.7668457,987.4962,974.4275,5.038168,0.0925293,-0.20581055,0.9680176,1000.0,997.0229,994.8855,0.0,0.0,0.0,0.0,0.0,0.0,0.0,0.0,0.0,0.0,0.0,0.0
69,136,-0.6411133,-0.1394043,0.7927246,987.55725,974.4275,5.0534353,0.13623047,-0.26123047,0.9897461,1000.07635,997.0687,994.916,0.0,0.0,0.0,0.0,0.0,0.0,0.0,0.0,0.0,0.0,0.0,0.0
70,138,-0.64501953,-0.11767578,0.7302246,987.52673,974.4275,5.068702,0.1159668,-0.18920898,0.9794922,1000.1374,997.084,994.916,0.0,0.0,0.0,0.0,0.0,0.0,0.0,0.0,0.0,0.0,0.0,0.0
71,140,-0.64404297,-0.16186523,0.8059082,987.5115,974.4885,4.961832,0.095214844,-0.25610352,1.0012207,1000.1374,997.12976,994.8855,0.0,0.0,0.0,0.0,0.0,0.0,0.0,0.0,0.0,0.0,0.0,0.0
72,142,-0.67578125,-0.084228516,0.7290039,987.542,974.3359,4.9923663,0.107421875,-0.23608398,0.9890137,1000.16797,997.09924,994.80914,0.0,0.0,0.0,0.0,0.0,0.0,0.0,0.0,0.0,0.0,0.0,0.0
73,145,-0.607666,-0.15429688,0.71240234,987.5725,974.41223,4.9770994,0.09472656,-0.22485352,0.9838867,1000.2595,997.1145,994.80914,0.0,0.0,0.0,0.0,0.0,0.0,0.0,0.0,0.0,0.0,0.0,0.0
74,147,-0.66259766,-0.17016602,0.78930664,987.58777,974.458,4.9923663,0.13061523,-0.24560547,0.93969727,1000.24426,997.12976,994.76337,0.0,0.0,0.0,0.0,0.0,0.0,0.0,0.0,0.0,0.0,0.0,0.0
75,148,-0.69384766,-0.1315918,0.69091797,987.61835,974.47327,4.9465647,0.07910156,-0.23632812,0.99438477,1000.3206,997.19086,994.73285,0.0,0.0,0.0,0.0,0.0,0.0,0.0,0.0,0.0,0.0,0.0,0.0
76,150,-0.64453125,-0.15820312,0.74438477,987.6641,974.38165,4.9770994,0.08666992,-0.20214844,0.9445801,1000.3359,997.1145,994.87024,0.0,0.0,0.0,0.0,0.0,0.0,0.0,0.0,0.0,0.0,0.0,0.0
77,152,-0.6682129,-0.14208984,0.79418945,987.61835,974.21375,5.038168,0.07763672,-0.24047852,0.9812012,1000.38165,997.05347,994.87024,0.0,0.0,0.0,0.0,0.0,0.0,0.0,0.0,0.0,0.0,0.0,0.0
78,154,-0.6616211,-0.16308594,0.80615234,987.58777,974.21375,5.068702,0.068603516,-0.19946289,0.95703125,1000.397,997.05347,994.80914,0.0,0.0,0.0,0.0,0.0,0.0,0.0,0.0,0.0,0.0,0.0,0.0
79,156,-0.6911621,-0.16552734,0.7739258,987.55725,974.2595,5.038168,0.08520508,-0.22924805,0.9592285,1000.47327,997.03815,994.8855,0.0,0.0,0.0,0.0,0.0,0.0,0.0,0.0,0.0,0.0,0.0,0.0
80,158,-0.67700195,-0.09033203,0.7492676,987.55725,974.30536,5.1603055,0.103027344,-0.19946289,0.9904785,1000.4885,997.0076,994.9313,0.0,0.0,0.0,0.0,0.0,0.0,0.0,0.0,0.0,0.0,0.0,0.0
81,160,-0.6401367,-0.12939453,0.7861328,987.542,974.27484,5.2671757,0.109375,-0.23852539,1.0187988,1000.5191,997.05347,994.9924,0.0,0.0,0.0,0.0,0.0,0.0,0.0,0.0,0.0,0.0,0.0,0.0
82,162,-0.6088867,-0.13964844,0.7770996,987.4046,974.24426,5.2671757,0.087402344,-0.24902344,0.9736328,1000.53436,997.0687,994.9466,0.0,0.0,0.0,0.0,0.0,0.0,0.0,0.0,0.0,0.0,0.0,0.0
83,164,-0.642334,-0.1237793,0.7351074,987.32825,974.2901,5.3587785,0.083496094,-0.21582031,0.9448242,1000.50385,997.03815,994.96185,0.0,0.0,0.0,0.0,0.0,0.0,0.0,0.0,0.0,0.0,0.0,0.0
84,167,-0.6430664,-0.087402344,0.74487305,987.35876,974.229,5.40458,0.11328125,-0.24438477,0.93188477,0.030534351,997.1145,994.9771,0.0,0.0,0.0,0.0,0.0,0.0,0.0,0.0,0.0,0.0,0.0,0.0
85,168,-0.68066406,-0.1459961,0.8027344,987.4046,974.21375,5.374046,0.08618164,-0.2680664,0.9519043,0.061068702,997.145,994.96185,0.0,0.0,0.0,0.0,0.0,0.0,0.0,0.0,0.0,0.0,0.0,0.0
86,170,-0.6452637,-0.13549805,0.779541,987.4046,974.24426,5.3587785,0.14135742,-0.22290039,0.9748535,0.07633588,997.1145,994.90076,0.0,0.0,0.0,0.0,0.0,0.0,0.0,0.0,0.0,0.0,0.0,0.0
87,172,-0.6555176,-0.15307617,0.72314453,987.26715,974.397,5.4351144,0.02758789,-0.23608398,0.9951172,0.045801528,997.1145,994.90076,0.0,0.0,0.0,0.0,0.0,0.0,0.0,0.0,0.0,0.0,0.0,0.0
88,174,-0.64941406,-0.19384766,0.7607422,987.2214,974.3664,5.4351144,0.14916992,-0.24707031,0.9477539,1000.53436,997.12976,994.916,0.0,0.0,0.0,0.0,0.0,0.0,0.0,0.0,0.0,0.0,0.0,0.0
89,176,-0.6791992,-0.17211914,0.7331543,987.2519,974.2901,5.4198475,0.1328125,-0.19262695,0.9812012,0.045801528,997.12976,994.916,0.0,0.0,0.0,0.0,0.0,0.0,0.0,0.0,0.0,0.0,0.0,0.0
90,178,-0.6765137,-0.14624023,0.74658203,987.313,974.1832,5.4351144,0.18676758,-0.22290039,0.9641113,0.10687023,997.1145,994.855,0.0,0.0,0.0,0.0,0.0,0.0,0.0,0.0,0.0,0.0,0.0,0.0
91,180,-0.6152344,-0.13183594,0.69799805,987.313,974.24426,5.4656487,0.17358398,-0.25195312,0.99072266,0.0,997.1603,994.8397,0.0,0.0,0.0,0.0,0.0,0.0,0.0,0.0,0.0,0.0,0.0,0.0
92,182,-0.64868164,-0.1159668,0.7788086,987.32825,974.21375,5.4503818,0.12597656,-0.20947266,0.9929199,1000.458,997.1603,994.8855,0.0,0.0,0.0,0.0,0.0,0.0,0.0,0.0,0.0,0.0,0.0,0.0
93,184,-0.66552734,-0.16992188,0.7282715,987.4351,974.24426,5.4351144,0.05444336,-0.23901367,0.98168945,1000.44275,997.1145,994.8855,0.0,0.0,0.0,0.0,0.0,0.0,0.0,0.0,0.0,0.0,0.0,0.0
94,186,-0.67285156,-0.13330078,0.75512695,987.58777,974.30536,5.40458,0.122802734,-0.19042969,0.98950195,1000.4275,997.0687,994.8855,0.0,0.0,0.0,0.0,0.0,0.0,0.0,0.0,0.0,0.0,0.0,0.0
95,189,-0.65063477,-0.10424805,0.7824707,987.52673,974.47327,5.2824426,0.060791016,-0.25585938,1.020752,1000.4275,997.0076,994.7786,0.0,0.0,0.0,0.0,0.0,0.0,0.0,0.0,0.0,0.0,0.0,0.0
96,191,-0.6816406,-0.095947266,0.7414551,987.4809,974.4885,5.2519083,0.107421875,-0.25219727,0.9736328,1000.41223,996.96185,994.7786,0.0,0.0,0.0,0.0,0.0,0.0,0.0,0.0,0.0,0.0,0.0,0.0
97,192,-0.65722656,-0.16699219,0.7890625,987.542,974.41223,5.3129773,0.14794922,-0.21606445,1.0026855,1000.4275,996.96185,994.7023,0.0,0.0,0.0,0.0,0.0,0.0,0.0,0.0,0.0,0.0,0.0,0.0
98,195,-0.6645508,-0.122558594,0.75439453,987.542,974.2901,5.2824426,0.08496094,-0.25390625,0.9692383,1000.3664,996.9313,994.7176,0.0,0.0,0.0,0.0,0.0,0.0,0.0,0.0,0.0,0.0,0.0,0.0
99,196,-0.65893555,-0.13793945,0.7351074,987.4962,974.3206,5.2671757,0.095947266,-0.16894531,0.98168945,1000.3359,996.90076,994.7023,0.0,0.0,0.0,0.0,0.0,0.0,0.0,0.0,0.0,0.0,0.0,0.0
100,198,-0.6557617,-0.095947266,0.7714844,987.52673,974.38165,5.2366414,0.12939453,-0.24682617,0.98413086,1000.3206,996.916,994.76337,0.0,0.0,0.0,0.0,0.0,0.0,0.0,0.0,0.0,0.0,0.0,0.0
101,200,-0.60595703,-0.14111328,0.7817383,987.6336,974.3359,5.19084,0.100097656,-0.20751953,0.94555664,1000.2595,997.0076,994.7481,0.0,0.0,0.0,0.0,0.0,0.0,0.0,0.0,0.0,0.0,0.0,0.0
102,202,-0.6308594,-0.16210938,0.7675781,987.6641,974.27484,5.221374,0.06225586,-0.18554688,0.99438477,1000.229,997.0687,994.7786,0.0,0.0,0.0,0.0,0.0,0.0,0.0,0.0,0.0,0.0,0.0,0.0
103,204,-0.6218262,-0.19726562,0.73046875,987.6336,974.21375,5.19084,0.10888672,-0.20019531,0.9719238,1000.1832,997.05347,994.7939,0.0,0.0,0.0,0.0,0.0,0.0,0.0,0.0,0.0,0.0,0.0,0.0
104,207,-0.6203613,-0.16479492,0.77124023,987.603,974.16797,5.145038,0.0769043,-0.23486328,0.97924805,1000.16797,997.145,994.8397,0.0,0.0,0.0,0.0,0.0,0.0,0.0,0.0,0.0,0.0,0.0,0.0
105,208,-0.64819336,-0.15478516,0.77124023,987.6641,974.0916,5.1755724,0.099853516,-0.17382812,0.94091797,1000.0916,997.145,994.7939,0.0,0.0,0.0,0.0,0.0,0.0,0.0,0.0,0.0,0.0,0.0,0.0
106,210,-0.70654297,-0.087646484,0.7089844,987.7099,974.1374,5.19084,0.08203125,-0.2529297,0.9851074,1000.12213,997.12976,994.7176,0.0,0.0,0.0,0.0,0.0,0.0,0.0,0.0,0.0,0.0,0.0,0.0
107,213,-0.6582031,-0.15136719,0.74487305,987.6794,974.229,5.2671757,0.09082031,-0.24584961,0.9885254,1000.07635,997.0687,994.7176,0.0,0.0,0.0,0.0,0.0,0.0,0.0,0.0,0.0,0.0,0.0,0.0
108,215,-0.64990234,-0.11694336,0.72314453,987.69464,974.30536,5.2671757,0.14892578,-0.2199707,0.9929199,1000.0611,997.05347,994.73285,0.0,0.0,0.0,0.0,0.0,0.0,0.0,0.0,0.0,0.0,0.0,0.0
109,217,-0.65625,-0.1171875,0.7531738,987.6641,974.2901,5.3587785,0.13256836,-0.2331543,1.0270996,999.98474,997.0229,994.76337,0.0,0.0,0.0,0.0,0.0,0.0,0.0,0.0,0.0,0.0,0.0,0.0
110,218,-0.6623535,-0.092285156,0.7319336,987.6641,974.16797,5.389313,0.10107422,-0.21289062,0.9736328,999.98474,997.03815,994.7939,0.0,0.0,0.0,0.0,0.0,0.0,0.0,0.0,0.0,0.0,0.0,0.0
111,220,-0.70410156,-0.16259766,0.7043457,987.6794,974.1985,5.480916,0.06689453,-0.22998047,0.96191406,999.98474,996.9924,994.8244,0.0,0.0,0.0,0.0,0.0,0.0,0.0,0.0,0.0,0.0,0.0,0.0
112,222,-0.64624023,-0.1574707,0.7026367,987.6641,974.3359,5.5419846,0.080566406,-0.22753906,0.95410156,999.98474,996.8855,994.8244,0.0,0.0,0.0,0.0,0.0,0.0,0.0,0.0,0.0,0.0,0.0,0.0
113,224,-0.72265625,-0.17089844,0.74560547,987.7099,974.3206,5.389313,0.06591797,-0.2668457,0.95874023,999.93896,996.96185,994.7939,0.0,0.0,0.0,0.0,0.0,0.0,0.0,0.0,0.0,0.0,0.0,0.0
114,226,-0.6599121,-0.14672852,0.7414551,987.771,974.2901,5.328244,0.0637207,-0.15063477,0.9609375,1000.0,996.9924,994.7939,0.0,0.0,0.0,0.0,0.0,0.0,0.0,0.0,0.0,0.0,0.0,0.0
115,228,-0.6520996,-0.10546875,0.7512207,987.7252,974.24426,5.374046,0.06518555,-0.25439453,0.9519043,999.9695,996.9771,994.73285,0.0,0.0,0.0,0.0,0.0,0.0,0.0,0.0,0.0,0.0,0.0,0.0
116,230,-0.63305664,-0.119384766,0.76416016,987.6336,974.2901,5.328244,0.10229492,-0.18774414,0.9423828,999.84735,997.0076,994.76337,0.0,0.0,0.0,0.0,0.0,0.0,0.0,0.0,0.0,0.0,0.0,0.0
117,232,-0.6599121,-0.1418457,0.77075195,987.58777,974.21375,5.2671757,0.08935547,-0.21484375,0.96069336,999.8626,996.916,994.67175,0.0,0.0,0.0,0.0,0.0,0.0,0.0,0.0,0.0,0.0,0.0,0.0
118,234,-0.63012695,-0.1237793,0.75561523,987.61835,974.1832,5.2671757,0.08251953,-0.19165039,0.98779297,999.87787,996.87024,994.5649,0.0,0.0,0.0,0.0,0.0,0.0,0.0,0.0,0.0,0.0,0.0,0.0
119,237,-0.6452637,-0.12548828,0.8232422,987.6794,974.30536,5.2519083,0.104003906,-0.23925781,0.97680664,999.8626,996.8397,994.53436,0.0,0.0,0.0,0.0,0.0,0.0,0.0,0.0,0.0,0.0,0.0,0.0
120,238,-0.6621094,-0.21704102,0.75390625,987.61835,974.4275,5.328244,0.123535156,-0.22680664,0.9477539,999.8168,996.87024,994.50385,0.0,0.0,0.0,0.0,0.0,0.0,0.0,0.0,0.0,0.0,0.0,0.0
121,240,-0.69384766,-0.15258789,0.7434082,987.6336,974.44275,5.3435116,0.05834961,-0.17700195,0.95996094,999.8015,996.7939,994.458,0.0,0.0,0.0,0.0,0.0,0.0,0.0,0.0,0.0,0.0,0.0,0.0
122,242,-0.65478516,-0.13598633,0.7338867,987.6794,974.3359,5.2671757,0.11694336,-0.21948242,0.9802246,999.8015,996.8397,994.5496,0.0,0.0,0.0,0.0,0.0,0.0,0.0,0.0,0.0,0.0,0.0,0.0
123,244,-0.70947266,-0.1484375,0.7836914,987.75574,974.1832,5.3129773,0.1015625,-0.24487305,0.9836426,999.64886,996.87024,994.58014,0.0,0.0,0.0,0.0,0.0,0.0,0.0,0.0,0.0,0.0,0.0,0.0
124,246,-0.6821289,-0.15625,0.6843262,987.64886,974.1985,5.3587785,0.099365234,-0.25,0.97924805,999.542,996.8855,994.7023,0.0,0.0,0.0,0.0,0.0,0.0,0.0,0.0,0.0,0.0,0.0,0.0
125,248,-0.6296387,-0.12207031,0.76953125,987.52673,974.24426,5.3435116,0.12890625,-0.23950195,0.921875,999.52673,996.8397,994.687,0.0,0.0,0.0,0.0,0.0,0.0,0.0,0.0,0.0,0.0,0.0,0.0
126,250,-0.625,-0.14331055,0.7927246,987.52673,974.1832,5.2824426,0.11352539,-0.23486328,0.9440918,999.41986,996.8855,994.687,0.0,0.0,0.0,0.0,0.0,0.0,0.0,0.0,0.0,0.0,0.0,0.0
127,252,-0.67089844,-0.14550781,0.71850586,987.5725,974.07635,5.3129773,0.14086914,-0.2397461,0.94262695,999.38934,996.9466,994.7939,0.0,0.0,0.0,0.0,0.0,0.0,0.0,0.0,0.0,0.0,0.0,0.0
128,254,-0.62475586,-0.13183594,0.7524414,987.5115,974.0,5.29771,0.107666016,-0.24316406,0.94506836,999.35876,997.0229,994.73285,0.0,0.0,0.0,0.0,0.0,0.0,0.0,0.0,0.0,0.0,0.0,0.0
129,256,-0.6381836,-0.13378906,0.70581055,987.5115,973.9695,5.3587785,0.111083984,-0.19335938,0.9890137,999.3435,996.9771,994.80914,0.0,0.0,0.0,0.0,0.0,0.0,0.0,0.0,0.0,0.0,0.0,0.0
130,258,-0.6557617,-0.21679688,0.77905273,987.5725,973.87787,5.4351144,0.09667969,-0.203125,0.9758301,999.4046,997.05347,994.8244,0.0,0.0,0.0,0.0,0.0,0.0,0.0,0.0,0.0,0.0,0.0,0.0
131,260,-0.6262207,-0.15014648,0.77612305,987.603,973.8931,5.4656487,0.075683594,-0.25219727,0.98657227,999.313,997.0687,994.7786,0.0,0.0,0.0,0.0,0.0,0.0,0.0,0.0,0.0,0.0,0.0,0.0
132,262,-0.64697266,-0.13793945,0.8149414,987.64886,973.9695,5.4198475,0.1184082,-0.2548828,0.97094727,999.32825,997.0687,994.6107,0.0,0.0,0.0,0.0,0.0,0.0,0.0,0.0,0.0,0.0,0.0,0.0
133,264,-0.66259766,-0.19482422,0.7253418,987.7405,974.07635,5.4503818,0.1237793,-0.21655273,0.9733887,999.38934,997.084,994.58014,0.0,0.0,0.0,0.0,0.0,0.0,0.0,0.0,0.0,0.0,0.0,0.0
134,266,-0.6542969,-0.11645508,0.7668457,987.75574,974.0916,5.328244,0.15014648,-0.23852539,0.9567871,999.41986,997.0076,994.6107,0.0,0.0,0.0,0.0,0.0,0.0,0.0,0.0,0.0,0.0,0.0,0.0
135,268,-0.65527344,-0.14282227,0.7507324,987.7405,974.0458,5.2519083,0.088134766,-0.21923828,0.9641113,999.41986,997.0687,994.687,0.0,0.0,0.0,0.0,0.0,0.0,0.0,0.0,0.0,0.0,0.0,0.0
136,270,-0.60595703,-0.16552734,0.7260742,987.75574,974.0458,5.19084,0.14208984,-0.18261719,0.96435547,999.4351,997.084,994.6565,0.0,0.0,0.0,0.0,0.0,0.0,0.0,0.0,0.0,0.0,0.0,0.0
137,272,-0.654541,-0.1418457,0.68481445,987.5725,974.1832,5.3129773,0.10131836,-0.18457031,0.9470215,999.35876,997.12976,994.7023,0.0,0.0,0.0,0.0,0.0,0.0,0.0,0.0,0.0,0.0,0.0,0.0
138,274,-0.6533203,-0.13696289,0.7519531,987.542,974.1985,5.2824426,0.08105469,-0.2055664,0.9304199,999.313,997.1145,994.687,0.0,0.0,0.0,0.0,0.0,0.0,0.0,0.0,0.0,0.0,0.0,0.0
139,276,-0.66015625,-0.18139648,0.7294922,987.64886,974.21375,5.2671757,0.095214844,-0.26000977,0.96655273,999.35876,997.2061,994.6565,0.0,0.0,0.0,0.0,0.0,0.0,0.0,0.0,0.0,0.0,0.0,0.0
140,278,-0.62597656,-0.111083984,0.7258301,987.58777,974.229,5.221374,0.0546875,-0.24633789,0.9736328,999.2825,997.12976,994.626,0.0,0.0,0.0,0.0,0.0,0.0,0.0,0.0,0.0,0.0,0.0,0.0
141,281,-0.6425781,-0.08544922,0.7746582,987.52673,974.2901,5.2671757,0.11376953,-0.23071289,0.9719238,999.19086,997.145,994.64124,0.0,0.0,0.0,0.0,0.0,0.0,0.0,0.0,0.0,0.0,0.0,0.0
142,282,-0.60180664,-0.1694336,0.70092773,987.542,974.35114,5.2824426,0.109375,-0.23608398,0.9692383,999.1145,997.12976,994.58014,0.0,0.0,0.0,0.0,0.0,0.0,0.0,0.0,0.0,0.0,0.0,0.0
143,284,-0.6611328,-0.12792969,0.7331543,987.603,974.2595,5.2671757,0.0925293,-0.19335938,0.9560547,999.05347,997.0687,994.5191,0.0,0.0,0.0,0.0,0.0,0.0,0.0,0.0,0.0,0.0,0.0,0.0
144,287,-0.62719727,-0.13378906,0.77319336,987.5725,974.21375,5.2671757,0.07861328,-0.28686523,0.9753418,999.0076,997.03815,994.4275,0.0,0.0,0.0,0.0,0.0,0.0,0.0,0.0,0.0,0.0,0.0,0.0
145,288,-0.63964844,-0.14208984,0.7885742,987.58777,974.30536,5.2519083,0.10888672,-0.18701172,0.96313477,998.9924,997.084,994.4885,0.0,0.0,0.0,0.0,0.0,0.0,0.0,0.0,0.0,0.0,0.0,0.0
146,290,-0.6672363,-0.14135742,0.78393555,987.55725,974.30536,5.29771,0.11767578,-0.20043945,0.9387207,998.9313,997.0687,994.47327,0.0,0.0,0.0,0.0,0.0,0.0,0.0,0.0,0.0,0.0,0.0,0.0
147,292,-0.6723633,-0.1159668,0.74194336,987.61835,974.2901,5.19084,0.10253906,-0.2097168,0.9458008,998.96185,997.09924,994.53436,0.0,0.0,0.0,0.0,0.0,0.0,0.0,0.0,0.0,0.0,0.0,0.0
148,294,-0.6364746,-0.15795898,0.7312012,987.64886,974.229,5.2824426,0.076171875,-0.24658203,0.96313477,999.0229,997.05347,994.5954,0.0,0.0,0.0,0.0,0.0,0.0,0.0,0.0,0.0,0.0,0.0,0.0
149,296,-0.64208984,-0.14233398,0.72753906,987.58777,974.3664,5.3435116,0.11230469,-0.25146484,0.98950195,999.05347,997.12976,994.67175,0.0,0.0,0.0,0.0,0.0,0.0,0.0,0.0,0.0,0.0,0.0,0.0
150,299,-0.67407227,-0.15332031,0.7609863,987.55725,974.44275,5.4198475,0.052734375,-0.24682617,0.9628906,999.084,997.1756,994.7939,0.0,0.0,0.0,0.0,0.0,0.0,0.0,0.0,0.0,0.0,0.0,0.0
151,301,-0.6516113,-0.14672852,0.7788086,987.5725,974.458,5.40458,0.10595703,-0.21459961,0.9567871,999.0229,997.1756,994.7786,0.0,0.0,0.0,0.0,0.0,0.0,0.0,0.0,0.0,0.0,0.0,0.0
152,303,-0.5961914,-0.13110352,0.7668457,987.542,974.4275,5.3587785,0.12719727,-0.22070312,0.9123535,998.9313,997.2214,994.80914,0.0,0.0,0.0,0.0,0.0,0.0,0.0,0.0,0.0,0.0,0.0,0.0
153,304,-0.6464844,-0.19091797,0.75146484,987.52673,974.53436,5.374046,0.060791016,-0.2446289,0.9279785,999.05347,997.313,994.8397,0.0,0.0,0.0,0.0,0.0,0.0,0.0,0.0,0.0,0.0,0.0,0.0
154,307,-0.6503906,-0.13549805,0.7402344,987.542,974.64124,5.4351144,0.13085938,-0.1965332,0.9550781,999.09924,997.313,994.8855,0.0,0.0,0.0,0.0,0.0,0.0,0.0,0.0,0.0,0.0,0.0,0.0
155,308,-0.6760254,-0.12597656,0.77197266,987.5725,974.6565,5.4503818,0.11621094,-0.22021484,0.96313477,999.0687,997.2977,994.87024,0.0,0.0,0.0,0.0,0.0,0.0,0.0,0.0,0.0,0.0,0.0,0.0
156,311,-0.6386719,-0.12963867,0.76660156,987.6641,974.7176,5.4503818,0.099121094,-0.21704102,0.95336914,999.145,997.3435,994.8855,0.0,0.0,0.0,0.0,0.0,0.0,0.0,0.0,0.0,0.0,0.0,0.0
157,313,-0.66503906,-0.15820312,0.74072266,987.603,974.626,5.389313,0.1027832,-0.26220703,0.9470215,999.2825,997.41986,994.855,0.0,0.0,0.0,0.0,0.0,0.0,0.0,0.0,0.0,0.0,0.0,0.0
158,315,-0.6452637,-0.1394043,0.7504883,987.5725,974.64124,5.328244,0.1171875,-0.2055664,0.9995117,999.4504,997.374,994.80914,0.0,0.0,0.0,0.0,0.0,0.0,0.0,0.0,0.0,0.0,0.0,0.0
159,317,-0.6813965,-0.12109375,0.7470703,987.6336,974.5954,5.2824426,0.11279297,-0.22363281,0.9892578,999.52673,997.4504,994.7481,0.0,0.0,0.0,0.0,0.0,0.0,0.0,0.0,0.0,0.0,0.0,0.0
160,319,-0.65527344,-0.13891602,0.77319336,987.771,974.53436,5.2824426,0.08154297,-0.19067383,0.99365234,999.55725,997.4962,994.67175,0.0,0.0,0.0,0.0,0.0,0.0,0.0,0.0,0.0,0.0,0.0,0.0
161,321,-0.6152344,-0.17529297,0.7453613,987.69464,974.6565,5.2824426,0.119140625,-0.20800781,0.98339844,999.61835,997.5115,994.73285,0.0,0.0,0.0,0.0,0.0,0.0,0.0,0.0,0.0,0.0,0.0,0.0
162,323,-0.6477051,-0.18652344,0.76049805,987.5725,974.7023,5.2824426,0.14526367,-0.24536133,0.9460449,999.603,997.6336,994.8855,0.0,0.0,0.0,0.0,0.0,0.0,0.0,0.0,0.0,0.0,0.0,0.0
163,325,-0.67407227,-0.12182617,0.7766113,987.542,974.67175,5.221374,0.048828125,-0.2548828,0.9885254,999.5725,997.5725,994.87024,0.0,0.0,0.0,0.0,0.0,0.0,0.0,0.0,0.0,0.0,0.0,0.0
164,327,-0.6599121,-0.13256836,0.7751465,987.4962,974.5649,5.068702,0.045410156,-0.21728516,0.95874023,999.61835,997.4962,994.855,0.0,0.0,0.0,0.0,0.0,0.0,0.0,0.0,0.0,0.0,0.0,0.0
165,329,-0.65600586,-0.20019531,0.73095703,987.4809,974.5496,5.1603055,0.030273438,-0.2548828,0.9645996,999.61835,997.5115,994.90076,0.0,0.0,0.0,0.0,0.0,0.0,0.0,0.0,0.0,0.0,0.0,0.0
166,331,-0.67211914,-0.12475586,0.7314453,987.4504,974.58014,5.221374,0.08129883,-0.20629883,0.9675293,999.6794,997.5115,994.87024,0.0,0.0,0.0,0.0,0.0,0.0,0.0,0.0,0.0,0.0,0.0,0.0
167,333,-0.670166,-0.11621094,0.7836914,987.55725,974.626,5.114504,0.10961914,-0.27026367,0.97143555,999.8015,997.4809,994.8397,0.0,0.0,0.0,0.0,0.0,0.0,0.0,0.0,0.0,0.0,0.0,0.0
168,335,-0.6015625,-0.13989258,0.74853516,987.7405,974.4885,5.19084,0.057373047,-0.23925781,0.94384766,999.8626,997.4809,994.7939,0.0,0.0,0.0,0.0,0.0,0.0,0.0,0.0,0.0,0.0,0.0,0.0
169,337,-0.6496582,-0.122802734,0.7480469,987.78625,974.41223,5.0839696,0.14501953,-0.2512207,0.99487305,999.87787,997.4504,994.8244,0.0,0.0,0.0,0.0,0.0,0.0,0.0,0.0,0.0,0.0,0.0,0.0
170,339,-0.6159668,-0.15332031,0.78686523,987.6641,974.4275,4.9923663,0.10205078,-0.23925781,0.9550781,999.8931,997.41986,994.76337,0.0,0.0,0.0,0.0,0.0,0.0,0.0,0.0,0.0,0.0,0.0,0.0
171,341,-0.6672363,-0.16333008,0.7878418,987.61835,974.5191,5.068702,0.09350586,-0.2861328,0.9472656,999.8321,997.38934,994.7481,0.0,0.0,0.0,0.0,0.0,0.0,0.0,0.0,0.0,0.0,0.0,0.0
172,343,-0.64941406,-0.19042969,0.7602539,987.7099,974.4275,5.0839696,0.1184082,-0.21728516,0.97265625,999.78625,997.3435,994.7023,0.0,0.0,0.0,0.0,0.0,0.0,0.0,0.0,0.0,0.0,0.0,0.0
173,345,-0.6479492,-0.19482422,0.7404785,987.7405,974.47327,5.1603055,0.07714844,-0.22460938,0.95874023,999.87787,997.38934,994.6565,0.0,0.0,0.0,0.0,0.0,0.0,0.0,0.0,0.0,0.0,0.0,0.0
174,347,-0.65283203,-0.13720703,0.72802734,987.78625,974.53436,5.29771,0.032958984,-0.2722168,0.9711914,999.8931,997.3435,994.64124,0.0,0.0,0.0,0.0,0.0,0.0,0.0,0.0,0.0,0.0,0.0,0.0
175,349,-0.66381836,-0.1616211,0.76953125,987.7252,974.53436,5.3435116,0.10595703,-0.21508789,0.9602051,999.9084,997.2977,994.64124,0.0,0.0,0.0,0.0,0.0,0.0,0.0,0.0,0.0,0.0,0.0,0.0
176,351,-0.6723633,-0.15356445,0.7145996,987.75574,974.5496,5.40458,0.049804688,-0.23950195,0.95874023,1000.0305,997.23663,994.64124,0.0,0.0,0.0,0.0,0.0,0.0,0.0,0.0,0.0,0.0,0.0,0.0
177,353,-0.6760254,-0.122558594,0.77075195,987.75574,974.4275,5.3587785,0.10546875,-0.2770996,0.9736328,1000.0458,997.2214,994.7023,0.0,0.0,0.0,0.0,0.0,0.0,0.0,0.0,0.0,0.0,0.0,0.0
178,355,-0.6940918,-0.14575195,0.8059082,987.771,974.44275,5.4351144,0.07080078,-0.14770508,0.94799805,1000.01526,997.2519,994.8397,0.0,0.0,0.0,0.0,0.0,0.0,0.0,0.0,0.0,0.0,0.0,0.0
179,357,-0.6257324,-0.1940918,0.7541504,987.69464,974.53436,5.40458,0.056152344,-0.2006836,0.9777832,1000.0458,997.2061,994.9313,0.0,0.0,0.0,0.0,0.0,0.0,0.0,0.0,0.0,0.0,0.0,0.0
180,359,-0.6916504,-0.1105957,0.75878906,987.69464,974.64124,5.3435116,0.11645508,-0.18945312,0.97631836,1000.12213,997.09924,994.9466,0.0,0.0,0.0,0.0,0.0,0.0,0.0,0.0,0.0,0.0,0.0,0.0
181,361,-0.6999512,-0.15551758,0.7531738,987.7099,974.5954,5.40458,0.013183594,-0.26538086,0.99780273,1000.24426,997.0687,994.90076,0.0,0.0,0.0,0.0,0.0,0.0,0.0,0.0,0.0,0.0,0.0,0.0
182,363,-0.6660156,-0.140625,0.7548828,987.64886,974.47327,5.4503818,0.10595703,-0.22216797,0.9621582,1000.2595,997.03815,994.855,0.0,0.0,0.0,0.0,0.0,0.0,0.0,0.0,0.0,0.0,0.0,0.0
183,365,-0.6542969,-0.11767578,0.71850586,987.603,974.47327,5.3587785,0.064453125,-0.2397461,0.97998047,1000.1832,997.0229,994.87024,0.0,0.0,0.0,0.0,0.0,0.0,0.0,0.0,0.0,0.0,0.0,0.0
184,367,-0.67626953,-0.1418457,0.76538086,987.55725,974.458,5.3435116,0.06982422,-0.2006836,0.98291016,1000.16797,996.9924,994.80914,0.0,0.0,0.0,0.0,0.0,0.0,0.0,0.0,0.0,0.0,0.0,0.0
185,369,-0.6418457,-0.18432617,0.7709961,987.5725,974.3664,5.389313,0.072753906,-0.2355957,0.99072266,1000.1985,996.9313,994.7939,0.0,0.0,0.0,0.0,0.0,0.0,0.0,0.0,0.0,0.0,0.0,0.0
186,371,-0.68847656,-0.11376953,0.8161621,987.5725,974.38165,5.4503818,0.078125,-0.19702148,0.9506836,1000.2595,996.9771,994.7786,0.0,0.0,0.0,0.0,0.0,0.0,0.0,0.0,0.0,0.0,0.0,0.0
187,373,-0.6611328,-0.12695312,0.7702637,987.52673,974.687,5.480916,0.10620117,-0.23071289,0.9616699,1000.2901,997.0076,994.8397,0.0,0.0,0.0,0.0,0.0,0.0,0.0,0.0,0.0,0.0,0.0,0.0
188,375,-0.65893555,-0.13647461,0.7397461,987.542,974.67175,5.4351144,0.12451172,-0.20019531,0.9819336,1000.2901,996.9771,994.9771,0.0,0.0,0.0,0.0,0.0,0.0,0.0,0.0,0.0,0.0,0.0,0.0
189,377,-0.6672363,-0.16918945,0.7705078,987.6641,974.50385,5.3587785,0.0715332,-0.24243164,0.9301758,1000.44275,996.9771,994.9924,0.0,0.0,0.0,0.0,0.0,0.0,0.0,0.0,0.0,0.0,0.0,0.0
190,379,-0.6645508,-0.12158203,0.80444336,987.64886,974.3664,5.3129773,0.103027344,-0.25952148,0.9592285,0.015267176,997.03815,995.03815,0.0,0.0,0.0,0.0,0.0,0.0,0.0,0.0,0.0,0.0,0.0,0.0
191,381,-0.6281738,-0.1262207,0.75756836,987.52673,974.3359,5.2519083,0.08935547,-0.21533203,0.9885254,0.13740458,997.09924,995.0229,0.0,0.0,0.0,0.0,0.0,0.0,0.0,0.0,0.0,0.0,0.0,0.0
192,383,-0.7219238,-0.14428711,0.77197266,987.603,974.458,5.2671757,0.07373047,-0.2084961,0.9733887,0.13740458,997.05347,994.9771,0.0,0.0,0.0,0.0,0.0,0.0,0.0,0.0,0.0,0.0,0.0,0.0
193,385,-0.654541,-0.107421875,0.7512207,987.6336,974.50385,5.3435116,0.08642578,-0.20385742,0.98583984,0.18320611,997.0076,994.90076,0.0,0.0,0.0,0.0,0.0,0.0,0.0,0.0,0.0,0.0,0.0,0.0
194,387,-0.60668945,-0.15136719,0.7312012,987.55725,974.44275,5.4503818,0.049804688,-0.26049805,0.94970703,0.22900763,996.9466,994.916,0.0,0.0,0.0,0.0,0.0,0.0,0.0,0.0,0.0,0.0,0.0,0.0
195,389,-0.65356445,-0.12792969,0.7104492,987.52673,974.458,5.29771,0.091552734,-0.22192383,0.9562988,0.10687023,996.96185,994.9313,0.0,0.0,0.0,0.0,0.0,0.0,0.0,0.0,0.0,0.0,0.0,0.0
196,391,-0.6538086,-0.12182617,0.7541504,987.542,974.47327,5.19084,0.05517578,-0.21606445,0.9794922,0.030534351,996.9466,994.80914,0.0,0.0,0.0,0.0,0.0,0.0,0.0,0.0,0.0,0.0,0.0,0.0
197,393,-0.63183594,-0.16259766,0.73413086,987.61835,974.47327,5.2824426,0.13305664,-0.20166016,0.9836426,0.030534351,996.9466,994.76337,0.0,0.0,0.0,0.0,0.0,0.0,0.0,0.0,0.0,0.0,0.0,0.0
198,395,-0.66967773,-0.11694336,0.7626953,987.6336,974.3359,5.389313,0.14038086,-0.25927734,0.96777344,1000.50385,997.0076,994.8855,0.0,0.0,0.0,0.0,0.0,0.0,0.0,0.0,0.0,0.0,0.0,0.0
199,397,-0.6101074,-0.09863281,0.7788086,987.61835,974.397,5.4351144,0.0703125,-0.22070312,1.0039062,1000.50385,996.9771,994.8397,0.0,0.0,0.0,0.0,0.0,0.0,0.0,0.0,0.0,0.0,0.0,0.0
200,399,-0.6503906,-0.14428711,0.75561523,987.69464,974.3664,5.5114503,0.12402344,-0.16430664,0.9836426,0.045801528,996.9924,994.7786,0.0,0.0,0.0,0.0,0.0,0.0,0.0,0.0,0.0,0.0,0.0,0.0
201,401,-0.640625,-0.13842773,0.74560547,987.6336,974.2901,5.5725193,0.07543945,-0.18457031,0.97753906,0.030534351,997.03815,994.76337,0.0,0.0,0.0,0.0,0.0,0.0,0.0,0.0,0.0,0.0,0.0,0.0
202,403,-0.62841797,-0.107666016,0.77612305,987.603,974.16797,5.5725193,0.07763672,-0.2133789,0.94921875,0.10687023,997.145,994.7481,0.0,0.0,0.0,0.0,0.0,0.0,0.0,0.0,0.0,0.0,0.0,0.0
203,405,-0.65966797,-0.13793945,0.7141113,987.603,974.1985,5.5114503,0.08203125,-0.20166016,0.96362305,0.13740458,997.1145,994.73285,0.0,0.0,0.0,0.0,0.0,0.0,0.0,0.0,0.0,0.0,0.0,0.0
204,407,-0.6826172,-0.18725586,0.7277832,987.603,974.2595,5.5267177,0.08276367,-0.25878906,0.95092773,0.122137405,997.084,994.73285,0.0,0.0,0.0,0.0,0.0,0.0,0.0,0.0,0.0,0.0,0.0,0.0
205,409,-0.6459961,-0.19946289,0.7548828,987.58777,974.2595,5.5114503,0.1015625,-0.234375,0.9797363,0.16793893,997.145,994.7176,0.0,0.0,0.0,0.0,0.0,0.0,0.0,0.0,0.0,0.0,0.0,0.0
206,411,-0.6623535,-0.14746094,0.75390625,987.6794,974.2901,5.4656487,0.08618164,-0.20727539,0.96362305,0.15267175,997.1756,994.7939,0.0,0.0,0.0,0.0,0.0,0.0,0.0,0.0,0.0,0.0,0.0,0.0
207,413,-0.6723633,-0.15014648,0.7470703,987.69464,974.38165,5.4961834,0.099365234,-0.23461914,0.951416,0.091603056,997.145,994.80914,0.0,0.0,0.0,0.0,0.0,0.0,0.0,0.0,0.0,0.0,0.0,0.0
208,415,-0.6816406,-0.14135742,0.73168945,987.5725,974.53436,5.4961834,0.09741211,-0.22680664,0.9951172,1000.50385,997.145,994.855,0.0,0.0,0.0,0.0,0.0,0.0,0.0,0.0,0.0,0.0,0.0,0.0
209,417,-0.60302734,-0.12719727,0.79345703,987.6336,974.5496,5.480916,0.1418457,-0.21777344,0.9733887,1000.44275,997.1145,994.90076,0.0,0.0,0.0,0.0,0.0,0.0,0.0,0.0,0.0,0.0,0.0,0.0
210,419,-0.6652832,-0.15356445,0.81640625,987.6794,974.458,5.4503818,0.099853516,-0.19799805,0.9819336,1000.38165,997.0687,994.9771,0.0,0.0,0.0,0.0,0.0,0.0,0.0,0.0,0.0,0.0,0.0,0.0
211,421,-0.6550293,-0.14672852,0.7597656,987.6641,974.50385,5.389313,0.10546875,-0.22216797,0.99365234,1000.35114,997.09924,994.96185,0.0,0.0,0.0,0.0,0.0,0.0,0.0,0.0,0.0,0.0,0.0,0.0
212,423,-0.70410156,-0.10961914,0.76782227,987.6336,974.5954,5.4961834,0.088134766,-0.25512695,0.98583984,1000.3206,997.05347,994.9466,0.0,0.0,0.0,0.0,0.0,0.0,0.0,0.0,0.0,0.0,0.0,0.0
213,425,-0.62646484,-0.13134766,0.77368164,987.61835,974.50385,5.557252,0.14477539,-0.20727539,0.93725586,1000.3206,997.05347,995.0229,0.0,0.0,0.0,0.0,0.0,0.0,0.0,0.0,0.0,0.0,0.0,0.0
214,427,-0.6315918,-0.16235352,0.732666,987.69464,974.458,5.5114503,0.09106445,-0.12548828,0.97680664,1000.27484,997.09924,995.0229,0.0,0.0,0.0,0.0,0.0,0.0,0.0,0.0,0.0,0.0,0.0,0.0
215,429,-0.65722656,-0.13183594,0.74316406,987.78625,974.3359,5.5419846,0.13061523,-0.22143555,1.0180664,1000.35114,997.12976,995.084,0.0,0.0,0.0,0.0,0.0,0.0,0.0,0.0,0.0,0.0,0.0,0.0
216,431,-0.626709,-0.13574219,0.74316406,987.7405,974.30536,5.5725193,0.09692383,-0.20581055,0.9885254,1000.35114,997.1145,995.12976,0.0,0.0,0.0,0.0,0.0,0.0,0.0,0.0,0.0,0.0,0.0,0.0
217,433,-0.64160156,-0.083496094,0.7570801,987.7099,974.2595,5.633588,0.0703125,-0.20483398,1.0012207,1000.30536,997.05347,995.09924,0.0,0.0,0.0,0.0,0.0,0.0,0.0,0.0,0.0,0.0,0.0,0.0
218,435,-0.6555176,-0.17407227,0.76123047,987.78625,974.1985,5.6183205,0.0847168,-0.19677734,0.94506836,1000.2901,997.0687,995.084,0.0,0.0,0.0,0.0,0.0,0.0,0.0,0.0,0.0,0.0,0.0,0.0
219,437,-0.6257324,-0.11303711,0.7438965,987.87787,974.229,5.6183205,0.12402344,-0.22216797,0.9343262,1000.30536,997.09924,994.9924,0.0,0.0,0.0,0.0,0.0,0.0,0.0,0.0,0.0,0.0,0.0,0.0
220,439,-0.6816406,-0.10522461,0.69750977,987.78625,974.24426,5.5114503,0.110839844,-0.2548828,0.93603516,1000.229,997.09924,995.03815,0.0,0.0,0.0,0.0,0.0,0.0,0.0,0.0,0.0,0.0,0.0,0.0
221,441,-0.6804199,-0.12548828,0.7861328,987.771,974.16797,5.4961834,0.06958008,-0.21655273,0.9616699,1000.1069,997.09924,994.96185,0.0,0.0,0.0,0.0,0.0,0.0,0.0,0.0,0.0,0.0,0.0,0.0
222,443,-0.6755371,-0.076416016,0.7624512,987.84735,974.1069,5.4961834,0.10913086,-0.25976562,0.9782715,1000.0,997.0687,994.9924,0.0,0.0,0.0,0.0,0.0,0.0,0.0,0.0,0.0,0.0,0.0,0.0
223,445,-0.66845703,-0.16308594,0.71850586,987.84735,974.0458,5.4198475,0.12939453,-0.21191406,1.0117188,1000.0,997.0687,994.9924,0.0,0.0,0.0,0.0,0.0,0.0,0.0,0.0,0.0,0.0,0.0,0.0
224,447,-0.6604004,-0.12597656,0.77612305,987.8168,974.12213,5.3435116,0.032226562,-0.19848633,0.95825195,999.98474,997.084,994.90076,0.0,0.0,0.0,0.0,0.0,0.0,0.0,0.0,0.0,0.0,0.0,0.0
225,449,-0.6616211,-0.2006836,0.71972656,987.8321,974.2595,5.3435116,0.13256836,-0.22094727,0.9748535,999.8626,997.0229,994.9313,0.0,0.0,0.0,0.0,0.0,0.0,0.0,0.0,0.0,0.0,0.0,0.0
226,451,-0.65625,-0.15454102,0.7770996,987.8321,974.1832,5.3435116,0.03149414,-0.16699219,0.9694824,999.84735,996.9466,994.9313,0.0,0.0,0.0,0.0,0.0,0.0,0.0,0.0,0.0,0.0,0.0,0.0
227,453,-0.6738281,-0.15405273,0.7541504,987.8015,974.1985,5.40458,0.12011719,-0.19824219,0.95092773,999.87787,997.0229,994.9313,0.0,0.0,0.0,0.0,0.0,0.0,0.0,0.0,0.0,0.0,0.0,0.0
228,455,-0.65649414,-0.16845703,0.7751465,987.771,974.30536,5.4961834,0.044189453,-0.3100586,0.9885254,999.8015,997.0229,994.9924,0.0,0.0,0.0,0.0,0.0,0.0,0.0,0.0,0.0,0.0,0.0,0.0
229,457,-0.6855469,-0.14575195,0.72436523,987.7099,974.3664,5.480916,0.10595703,-0.23706055,0.9794922,999.8168,997.03815,994.96185,0.0,0.0,0.0,0.0,0.0,0.0,0.0,0.0,0.0,0.0,0.0,0.0
230,459,-0.7219238,-0.17797852,0.7519531,987.7252,974.41223,5.374046,0.07495117,-0.20874023,0.98339844,999.771,997.0229,994.87024,0.0,0.0,0.0,0.0,0.0,0.0,0.0,0.0,0.0,0.0,0.0,0.0
231,461,-0.7373047,-0.16577148,0.7565918,987.75574,974.3359,5.40458,0.11645508,-0.23339844,0.951416,999.6794,996.9924,994.8397,0.0,0.0,0.0,0.0,0.0,0.0,0.0,0.0,0.0,0.0,0.0,0.0
232,463,-0.68408203,-0.10498047,0.7854004,987.6641,974.35114,5.4656487,0.08935547,-0.20654297,0.9824219,999.5115,997.05347,994.8855,0.0,0.0,0.0,0.0,0.0,0.0,0.0,0.0,0.0,0.0,0.0,0.0
233,465,-0.6218262,-0.12890625,0.717041,987.6641,974.47327,5.4961834,0.0793457,-0.20141602,0.9350586,999.46564,997.05347,994.87024,0.0,0.0,0.0,0.0,0.0,0.0,0.0,0.0,0.0,0.0,0.0,0.0
234,467,-0.657959,-0.1472168,0.7385254,987.6641,974.53436,5.480916,0.056640625,-0.23706055,0.95825195,999.4809,997.03815,994.9313,0.0,0.0,0.0,0.0,0.0,0.0,0.0,0.0,0.0,0.0,0.0,0.0
235,469,-0.6850586,-0.15527344,0.75683594,987.64886,974.44275,5.5267177,0.07055664,-0.23999023,0.9680176,999.4809,997.0076,994.9771,0.0,0.0,0.0,0.0,0.0,0.0,0.0,0.0,0.0,0.0,0.0,0.0
236,471,-0.66308594,-0.15429688,0.7619629,987.603,974.397,5.389313,0.07080078,-0.18701172,0.97021484,999.4046,997.03815,994.9313,0.0,0.0,0.0,0.0,0.0,0.0,0.0,0.0,0.0,0.0,0.0,0.0
237,473,-0.6677246,-0.13476562,0.76220703,987.542,974.3664,5.374046,0.13500977,-0.25073242,0.97680664,999.35876,996.9924,994.96185,0.0,0.0,0.0,0.0,0.0,0.0,0.0,0.0,0.0,0.0,0.0,0.0
238,475,-0.6767578,-0.1340332,0.74975586,987.603,974.35114,5.4198475,0.10644531,-0.19897461,0.9760742,999.3435,997.03815,994.96185,0.0,0.0,0.0,0.0,0.0,0.0,0.0,0.0,0.0,0.0,0.0,0.0
239,477,-0.65966797,-0.16064453,0.73779297,987.64886,974.24426,5.480916,0.087646484,-0.18041992,0.9584961,999.374,997.03815,995.0229,0.0,0.0,0.0,0.0,0.0,0.0,0.0,0.0,0.0,0.0,0.0,0.0
240,479,-0.6604004,-0.15063477,0.7570801,987.64886,974.24426,5.5267177,0.15039062,-0.19799805,0.97436523,999.2977,997.03815,995.12976,0.0,0.0,0.0,0.0,0.0,0.0,0.0,0.0,0.0,0.0,0.0,0.0
241,481,-0.6413574,-0.14501953,0.8041992,987.6336,974.2901,5.5725193,0.14624023,-0.22583008,1.0148926,999.374,997.05347,995.05347,0.0,0.0,0.0,0.0,0.0,0.0,0.0,0.0,0.0,0.0,0.0,0.0
242,483,-0.6743164,-0.1899414,0.80981445,987.6641,974.3206,5.6030536,0.07128906,-0.21777344,0.97265625,999.374,996.9466,995.03815,0.0,0.0,0.0,0.0,0.0,0.0,0.0,0.0,0.0,0.0,0.0,0.0
243,485,-0.67163086,-0.14257812,0.8203125,987.6794,974.27484,5.648855,0.038085938,-0.22509766,0.9482422,999.32825,996.90076,995.03815,0.0,0.0,0.0,0.0,0.0,0.0,0.0,0.0,0.0,0.0,0.0,0.0
244,487,-0.62841797,-0.16674805,0.7487793,987.6641,974.1832,5.633588,0.114990234,-0.22558594,0.9562988,999.2519,996.90076,995.0687,0.0,0.0,0.0,0.0,0.0,0.0,0.0,0.0,0.0,0.0,0.0,0.0
245,489,-0.6154785,-0.17602539,0.7392578,987.58777,974.2595,5.5419846,0.08227539,-0.2109375,0.9777832,999.1145,997.0229,995.1145,0.0,0.0,0.0,0.0,0.0,0.0,0.0,0.0,0.0,0.0,0.0,0.0
246,491,-0.67285156,-0.17944336,0.7158203,987.52673,974.3206,5.557252,0.08935547,-0.21582031,0.9892578,999.12976,997.0687,995.1145,0.0,0.0,0.0,0.0,0.0,0.0,0.0,0.0,0.0,0.0,0.0,0.0
247,493,-0.6491699,-0.17260742,0.7770996,987.5725,974.229,5.5419846,0.07055664,-0.22290039,0.95703125,999.1603,997.084,995.12976,0.0,0.0,0.0,0.0,0.0,0.0,0.0,0.0,0.0,0.0,0.0,0.0
248,495,-0.6550293,-0.14453125,0.69433594,987.61835,974.0611,5.5419846,0.1159668,-0.2043457,0.9785156,999.1756,997.2214,995.2061,0.0,0.0,0.0,0.0,0.0,0.0,0.0,0.0,0.0,0.0,0.0,0.0
249,497,-0.6755371,-0.16796875,0.7314453,987.603,974.0916,5.480916,0.10449219,-0.23339844,0.94140625,999.23663,997.2061,995.2061,0.0,0.0,0.0,0.0,0.0,0.0,0.0,0.0,0.0,0.0,0.0,0.0
250,499,-0.6647949,-0.11401367,0.76293945,987.6336,974.0611,5.389313,0.11816406,-0.20996094,0.9626465,999.2977,997.1145,995.05347,0.0,0.0,0.0,0.0,0.0,0.0,0.0,0.0,0.0,0.0,0.0,0.0
251,501,-0.6723633,-0.18066406,0.7314453,987.55725,974.0305,5.4961834,0.0715332,-0.23291016,0.9562988,999.23663,997.03815,995.0687,0.0,0.0,0.0,0.0,0.0,0.0,0.0,0.0,0.0,0.0,0.0,0.0
252,503,-0.68066406,-0.14501953,0.71533203,987.542,973.98474,5.4961834,0.0625,-0.18017578,0.96240234,999.2214,997.1145,995.0687,0.0,0.0,0.0,0.0,0.0,0.0,0.0,0.0,0.0,0.0,0.0,0.0
253,505,-0.6594238,-0.119384766,0.75634766,987.4809,973.9542,5.5114503,0.12451172,-0.23583984,1.0009766,999.2214,997.145,994.9313,0.0,0.0,0.0,0.0,0.0,0.0,0.0,0.0,0.0,0.0,0.0,0.0
254,507,-0.7011719,-0.14892578,0.7441406,987.41986,974.07635,5.4656487,0.061035156,-0.20947266,0.921875,999.23663,997.05347,994.916,0.0,0.0,0.0,0.0,0.0,0.0,0.0,0.0,0.0,0.0,0.0,0.0
255,509,-0.6623535,-0.115722656,0.74121094,987.41986,974.0611,5.5267177,0.11010742,-0.24145508,0.97021484,999.2061,997.0076,994.90076,0.0,0.0,0.0,0.0,0.0,0.0,0.0,0.0,0.0,0.0,0.0,0.0
256,511,-0.6713867,-0.15551758,0.78808594,987.41986,974.15265,5.6183205,0.034423828,-0.19506836,0.970459,999.19086,997.05347,994.8855,0.0,0.0,0.0,0.0,0.0,0.0,0.0,0.0,0.0,0.0,0.0,0.0
257,513,-0.6352539,-0.1472168,0.78808594,987.374,974.16797,5.6183205,0.05834961,-0.18945312,0.9333496,999.26715,997.12976,994.9313,0.0,0.0,0.0,0.0,0.0,0.0,0.0,0.0,0.0,0.0,0.0,0.0
258,515,-0.6345215,-0.16064453,0.69873047,987.374,974.15265,5.6793895,0.10571289,-0.26538086,0.95288086,999.26715,997.1756,994.8855,0.0,0.0,0.0,0.0,0.0,0.0,0.0,0.0,0.0,0.0,0.0,0.0
259,517,-0.67871094,-0.123291016,0.73999023,987.4046,974.1832,5.633588,0.15820312,-0.21484375,0.96875,999.2214,997.084,994.8855,0.0,0.0,0.0,0.0,0.0,0.0,0.0,0.0,0.0,0.0,0.0,0.0
260,519,-0.6647949,-0.13427734,0.78686523,987.5115,974.21375,5.648855,0.07543945,-0.27978516,0.9589844,999.2061,997.1603,994.9466,0.0,0.0,0.0,0.0,0.0,0.0,0.0,0.0,0.0,0.0,0.0,0.0
261,521,-0.6772461,-0.12988281,0.76953125,987.542,974.229,5.6946564,0.0715332,-0.21044922,0.9577637,999.12976,997.26715,994.87024,0.0,0.0,0.0,0.0,0.0,0.0,0.0,0.0,0.0,0.0,0.0,0.0
262,523,-0.69140625,-0.1508789,0.73168945,987.55725,974.27484,5.6183205,0.07495117,-0.17822266,0.94433594,999.1145,997.2214,994.80914,0.0,0.0,0.0,0.0,0.0,0.0,0.0,0.0,0.0,0.0,0.0,0.0
263,525,-0.6779785,-0.095214844,0.7441406,987.5725,974.24426,5.6030536,0.10083008,-0.28710938,0.9433594,999.0687,997.23663,994.8397,0.0,0.0,0.0,0.0,0.0,0.0,0.0,0.0,0.0,0.0,0.0,0.0
264,527,-0.6765137,-0.12036133,0.7282715,987.603,974.1374,5.633588,0.040771484,-0.23876953,0.9628906,999.03815,997.2214,994.90076,0.0,0.0,0.0,0.0,0.0,0.0,0.0,0.0,0.0,0.0,0.0,0.0
265,529,-0.67333984,-0.110839844,0.75390625,987.5725,974.1832,5.6030536,0.1081543,-0.24584961,0.9802246,999.0076,997.2214,994.87024,0.0,0.0,0.0,0.0,0.0,0.0,0.0,0.0,0.0,0.0,0.0,0.0
266,531,-0.67089844,-0.1381836,0.7531738,987.5725,974.15265,5.5725193,0.12475586,-0.20678711,0.95214844,999.0076,997.12976,994.87024,0.0,0.0,0.0,0.0,0.0,0.0,0.0,0.0,0.0,0.0,0.0,0.0
267,533,-0.6557617,-0.14160156,0.70825195,987.5725,974.30536,5.587786,0.14892578,-0.23925781,0.9880371,999.084,997.084,994.855,0.0,0.0,0.0,0.0,0.0,0.0,0.0,0.0,0.0,0.0,0.0,0.0
268,535,-0.70214844,-0.11401367,0.7722168,987.58777,974.2901,5.5267177,0.1105957,-0.23632812,0.9025879,999.1145,997.05347,994.8244,0.0,0.0,0.0,0.0,0.0,0.0,0.0,0.0,0.0,0.0,0.0,0.0
269,537,-0.67333984,-0.16040039,0.76000977,987.603,974.229,5.4198475,0.080566406,-0.23486328,0.9421387,999.1603,997.09924,994.7939,0.0,0.0,0.0,0.0,0.0,0.0,0.0,0.0,0.0,0.0,0.0,0.0
270,539,-0.657959,-0.14746094,0.77685547,987.603,974.24426,5.3587785,0.10473633,-0.26733398,1.0014648,999.2977,997.1756,994.7023,0.0,0.0,0.0,0.0,0.0,0.0,0.0,0.0,0.0,0.0,0.0,0.0
271,541,-0.7175293,-0.16723633,0.7351074,987.4962,974.30536,5.3129773,0.068847656,-0.28027344,0.967041,999.3435,997.145,994.6565,0.0,0.0,0.0,0.0,0.0,0.0,0.0,0.0,0.0,0.0,0.0,0.0
272,543,-0.66674805,-0.1665039,0.7163086,987.5115,974.27484,5.3129773,0.13305664,-0.24243164,0.96313477,999.4046,997.145,994.7481,0.0,0.0,0.0,0.0,0.0,0.0,0.0,0.0,0.0,0.0,0.0,0.0
273,545,-0.67163086,-0.1772461,0.7770996,987.58777,974.229,5.3587785,0.08691406,-0.21728516,0.9794922,999.4351,997.145,994.8397,0.0,0.0,0.0,0.0,0.0,0.0,0.0,0.0,0.0,0.0,0.0,0.0
274,547,-0.654541,-0.14941406,0.70092773,987.603,974.3664,5.389313,0.084228516,-0.2541504,0.9577637,999.46564,997.2061,994.87024,0.0,0.0,0.0,0.0,0.0,0.0,0.0,0.0,0.0,0.0,0.0,0.0
275,549,-0.6364746,-0.16845703,0.74658203,987.61835,974.47327,5.3587785,0.0871582,-0.23046875,0.95825195,999.52673,997.145,994.80914,0.0,0.0,0.0,0.0,0.0,0.0,0.0,0.0,0.0,0.0,0.0,0.0
276,551,-0.6582031,-0.088378906,0.7578125,987.603,974.44275,5.3587785,0.06201172,-0.18041992,0.9538574,999.4962,997.09924,994.8244,0.0,0.0,0.0,0.0,0.0,0.0,0.0,0.0,0.0,0.0,0.0,0.0
277,553,-0.6340332,-0.1394043,0.78466797,987.603,974.35114,5.389313,0.028808594,-0.15917969,0.9692383,999.46564,997.1145,994.80914,0.0,0.0,0.0,0.0,0.0,0.0,0.0,0.0,0.0,0.0,0.0,0.0
278,555,-0.6821289,-0.16430664,0.7607422,987.542,974.38165,5.328244,0.08105469,-0.2097168,0.9543457,999.61835,997.1603,994.855,0.0,0.0,0.0,0.0,0.0,0.0,0.0,0.0,0.0,0.0,0.0,0.0
279,557,-0.69018555,-0.13745117,0.80810547,987.4351,974.47327,5.29771,0.09033203,-0.22607422,0.9416504,999.6641,997.12976,994.855,0.0,0.0,0.0,0.0,0.0,0.0,0.0,0.0,0.0,0.0,0.0,0.0
280,559,-0.6447754,-0.14111328,0.79003906,987.38934,974.4885,5.3587785,0.13085938,-0.19799805,0.97314453,999.58777,997.05347,994.76337,0.0,0.0,0.0,0.0,0.0,0.0,0.0,0.0,0.0,0.0,0.0,0.0
281,561,-0.63623047,-0.15942383,0.75512695,987.4809,974.47327,5.374046,0.10644531,-0.28100586,0.9291992,999.52673,997.0229,994.76337,0.0,0.0,0.0,0.0,0.0,0.0,0.0,0.0,0.0,0.0,0.0,0.0
282,563,-0.6191406,-0.14135742,0.7590332,987.52673,974.4275,5.4351144,0.10107422,-0.22216797,0.93066406,999.64886,996.9924,994.7176,0.0,0.0,0.0,0.0,0.0,0.0,0.0,0.0,0.0,0.0,0.0,0.0
283,565,-0.6425781,-0.15551758,0.74853516,987.4809,974.47327,5.4503818,0.13232422,-0.23144531,0.96655273,999.69464,996.9466,994.6565,0.0,0.0,0.0,0.0,0.0,0.0,0.0,0.0,0.0,0.0,0.0,0.0
284,567,-0.6826172,-0.088134766,0.73999023,987.55725,974.458,5.4351144,0.09887695,-0.2175293,0.9494629,999.69464,996.9771,994.687,0.0,0.0,0.0,0.0,0.0,0.0,0.0,0.0,0.0,0.0,0.0,0.0
285,569,-0.6816406,-0.13354492,0.7121582,987.58777,974.2901,5.3435116,0.07543945,-0.22485352,0.97875977,999.8321,996.9466,994.7786,0.0,0.0,0.0,0.0,0.0,0.0,0.0,0.0,0.0,0.0,0.0,0.0
286,571,-0.6645508,-0.14941406,0.71850586,987.52673,974.2901,5.2824426,0.09008789,-0.2163086,0.9733887,999.8626,996.9466,994.7481,0.0,0.0,0.0,0.0,0.0,0.0,0.0,0.0,0.0,0.0,0.0,0.0
287,573,-0.63061523,-0.15600586,0.7211914,987.4962,974.41223,5.3129773,0.091552734,-0.19067383,0.9729004,999.93896,997.0076,994.76337,0.0,0.0,0.0,0.0,0.0,0.0,0.0,0.0,0.0,0.0,0.0,0.0
288,575,-0.67407227,-0.13793945,0.748291,987.4504,974.53436,5.40458,0.09838867,-0.18798828,0.9707031,999.9695,997.03815,994.7786,0.0,0.0,0.0,0.0,0.0,0.0,0.0,0.0,0.0,0.0,0.0,0.0
289,577,-0.63793945,-0.13012695,0.7434082,987.5115,974.458,5.40458,0.080566406,-0.21118164,0.96069336,999.98474,997.084,994.7786,0.0,0.0,0.0,0.0,0.0,0.0,0.0,0.0,0.0,0.0,0.0,0.0
290,579,-0.64990234,-0.0769043,0.77905273,987.542,974.4275,5.374046,0.099365234,-0.24291992,0.9484863,1000.1069,997.0229,994.7481,0.0,0.0,0.0,0.0,0.0,0.0,0.0,0.0,0.0,0.0,0.0,0.0
291,581,-0.657959,-0.09277344,0.76000977,987.5115,974.5191,5.389313,0.088134766,-0.3010254,0.97387695,1000.1374,997.0076,994.7939,0.0,0.0,0.0,0.0,0.0,0.0,0.0,0.0,0.0,0.0,0.0,0.0
292,583,-0.6340332,-0.12475586,0.78222656,987.46564,974.7176,5.389313,0.072753906,-0.19824219,0.9304199,1000.15265,997.03815,994.8397,0.0,0.0,0.0,0.0,0.0,0.0,0.0,0.0,0.0,0.0,0.0,0.0
293,585,-0.6464844,-0.16601562,0.7402344,987.55725,974.76337,5.4503818,0.07495117,-0.21704102,0.9536133,1000.1985,997.0076,994.855,0.0,0.0,0.0,0.0,0.0,0.0,0.0,0.0,0.0,0.0,0.0,0.0
294,587,-0.69091797,-0.09692383,0.73828125,987.58777,974.73285,5.4503818,0.095214844,-0.23510742,0.93408203,1000.1985,996.9924,994.90076,0.0,0.0,0.0,0.0,0.0,0.0,0.0,0.0,0.0,0.0,0.0,0.0
295,589,-0.65625,-0.091308594,0.732666,987.55725,974.626,5.4503818,0.0871582,-0.1616211,0.96313477,1000.21375,997.084,994.8855,0.0,0.0,0.0,0.0,0.0,0.0,0.0,0.0,0.0,0.0,0.0,0.0
296,591,-0.6923828,-0.10131836,0.7451172,987.58777,974.5954,5.4198475,0.083984375,-0.21411133,0.9824219,1000.229,997.0687,994.87024,0.0,0.0,0.0,0.0,0.0,0.0,0.0,0.0,0.0,0.0,0.0,0.0
297,593,-0.63623047,-0.12890625,0.7739258,987.55725,974.6565,5.557252,0.08569336,-0.22509766,0.98095703,1000.3206,997.03815,994.80914,0.0,0.0,0.0,0.0,0.0,0.0,0.0,0.0,0.0,0.0,0.0,0.0
298,595,-0.6772461,-0.12768555,0.77319336,987.5115,974.7176,5.6030536,0.11425781,-0.21508789,0.9592285,1000.38165,997.09924,994.7939,0.0,0.0,0.0,0.0,0.0,0.0,0.0,0.0,0.0,0.0,0.0,0.0
299,597,-0.6374512,-0.08984375,0.7062988,987.4504,974.7176,5.5267177,0.11328125,-0.21435547,0.99609375,1000.4275,997.03815,994.8244,0.0,0.0,0.0,0.0,0.0,0.0,0.0,0.0,0.0,0.0,0.0,0.0
300,599,-0.70996094,-0.15551758,0.7524414,987.41986,974.687,5.5267177,0.17041016,-0.26879883,0.9772949,1000.397,997.0229,994.8244,0.0,0.0,0.0,0.0,0.0,0.0,0.0,0.0,0.0,0.0,0.0,0.0
301,601,-0.7121582,-0.09863281,0.76660156,987.4046,974.7176,5.4961834,0.08105469,-0.19042969,0.98779297,1000.53436,997.0687,994.76337,0.0,0.0,0.0,0.0,0.0,0.0,0.0,0.0,0.0,0.0,0.0,0.0
302,603,-0.6245117,-0.14916992,0.75805664,987.46564,974.64124,5.374046,0.068603516,-0.2565918,0.96435547,0.0,997.084,994.7481,0.0,0.0,0.0,0.0,0.0,0.0,0.0,0.0,0.0,0.0,0.0,0.0
303,605,-0.6530762,-0.13232422,0.73828125,987.4351,974.5649,5.29771,0.103515625,-0.23071289,0.9814453,1000.5191,997.145,994.7481,0.0,0.0,0.0,0.0,0.0,0.0,0.0,0.0,0.0,0.0,0.0,0.0
304,607,-0.69799805,-0.22265625,0.7319336,987.4504,974.6107,5.40458,0.11206055,-0.25195312,0.95288086,0.045801528,997.1603,994.87024,0.0,0.0,0.0,0.0,0.0,0.0,0.0,0.0,0.0,0.0,0.0,0.0
305,609,-0.64746094,-0.12182617,0.7692871,987.4351,974.67175,5.3587785,0.11987305,-0.18115234,0.9160156,0.030534351,997.145,994.9313,0.0,0.0,0.0,0.0,0.0,0.0,0.0,0.0,0.0,0.0,0.0,0.0
306,611,-0.6501465,-0.14526367,0.77441406,987.4351,974.687,5.4503818,0.08959961,-0.22094727,0.9807129,1000.50385,997.12976,994.96185,0.0,0.0,0.0,0.0,0.0,0.0,0.0,0.0,0.0,0.0,0.0,0.0
307,613,-0.6455078,-0.11425781,0.7998047,987.41986,974.7023,5.5114503,0.1262207,-0.19702148,0.99194336,1000.4885,997.1145,995.0076,0.0,0.0,0.0,0.0,0.0,0.0,0.0,0.0,0.0,0.0,0.0,0.0
308,615,-0.66015625,-0.14160156,0.6965332,987.4046,974.76337,5.480916,0.09301758,-0.23413086,0.99365234,0.0,997.09924,995.0229,0.0,0.0,0.0,0.0,0.0,0.0,0.0,0.0,0.0,0.0,0.0,0.0
309,617,-0.6369629,-0.14941406,0.76708984,987.4504,974.67175,5.2824426,0.103271484,-0.20410156,0.9772949,0.045801528,997.1145,995.0076,0.0,0.0,0.0,0.0,0.0,0.0,0.0,0.0,0.0,0.0,0.0,0.0
310,619,-0.640625,-0.18261719,0.8171387,987.4351,974.64124,5.129771,0.09814453,-0.22509766,0.97216797,0.030534351,997.084,994.9313,0.0,0.0,0.0,0.0,0.0,0.0,0.0,0.0,0.0,0.0,0.0,0.0
311,621,-0.6743164,-0.15307617,0.7788086,987.4504,974.76337,5.1603055,0.100097656,-0.24707031,0.95214844,0.061068702,997.09924,994.916,0.0,0.0,0.0,0.0,0.0,0.0,0.0,0.0,0.0,0.0,0.0,0.0
312,623,-0.6906738,-0.078125,0.7714844,987.55725,974.8244,5.145038,0.0925293,-0.21948242,0.9609375,0.18320611,997.12976,994.8855,0.0,0.0,0.0,0.0,0.0,0.0,0.0,0.0,0.0,0.0,0.0,0.0
313,625,-0.6467285,-0.12695312,0.79541016,987.5725,974.8397,5.145038,0.125,-0.22729492,1.0119629,0.091603056,997.12976,994.87024,0.0,0.0,0.0,0.0,0.0,0.0,0.0,0.0,0.0,0.0,0.0,0.0
314,627,-0.6374512,-0.14501953,0.79541016,987.7099,974.76337,5.114504,0.07910156,-0.1472168,1.0075684,1000.53436,997.0687,994.8244,0.0,0.0,0.0,0.0,0.0,0.0,0.0,0.0,0.0,0.0,0.0,0.0
315,629,-0.65356445,-0.12548828,0.77319336,987.78625,974.6107,5.129771,0.091796875,-0.19189453,0.9699707,1000.4885,997.0687,994.8397,0.0,0.0,0.0,0.0,0.0,0.0,0.0,0.0,0.0,0.0,0.0,0.0
316,631,-0.6525879,-0.16577148,0.74853516,987.78625,974.58014,5.0992365,0.12060547,-0.22583008,0.94018555,1000.53436,997.09924,994.8244,0.0,0.0,0.0,0.0,0.0,0.0,0.0,0.0,0.0,0.0,0.0,0.0
317,633,-0.68603516,-0.15161133,0.7077637,987.771,974.687,5.1603055,0.111816406,-0.20458984,0.92163086,1000.4885,997.12976,994.8244,0.0,0.0,0.0,0.0,0.0,0.0,0.0,0.0,0.0,0.0,0.0,0.0
318,635,-0.6936035,-0.16552734,0.73535156,987.7405,974.6565,5.1603055,0.06640625,-0.18017578,0.97436523,1000.50385,997.19086,994.8397,0.0,0.0,0.0,0.0,0.0,0.0,0.0,0.0,0.0,0.0,0.0,0.0
319,637,-0.6374512,-0.140625,0.68969727,987.78625,974.626,5.0229006,0.1015625,-0.21411133,0.95288086,1000.47327,997.2214,994.8397,0.0,0.0,0.0,0.0,0.0,0.0,0.0,0.0,0.0,0.0,0.0,0.0
320,639,-0.6044922,-0.15698242,0.72802734,987.64886,974.687,4.9770994,0.095703125,-0.18676758,0.9958496,1000.5191,997.19086,994.8244,0.0,0.0,0.0,0.0,0.0,0.0,0.0,0.0,0.0,0.0,0.0,0.0
321,641,-0.65771484,-0.1274414,0.7607422,987.5725,974.7176,4.9923663,0.0925293,-0.21679688,0.9626465,0.0,997.1145,994.855,0.0,0.0,0.0,0.0,0.0,0.0,0.0,0.0,0.0,0.0,0.0,0.0
322,643,-0.6933594,-0.1472168,0.7133789,987.6641,974.7176,4.9923663,0.099609375,-0.20117188,0.98168945,1000.50385,997.09924,994.87024,0.0,0.0,0.0,0.0,0.0,0.0,0.0,0.0,0.0,0.0,0.0,0.0
323,645,-0.6833496,-0.13989258,0.7753906,987.6336,974.7481,5.038168,0.088134766,-0.2055664,0.9621582,1000.47327,997.1603,994.8397,0.0,0.0,0.0,0.0,0.0,0.0,0.0,0.0,0.0,0.0,0.0,0.0
324,647,-0.6647949,-0.16796875,0.75878906,987.6641,974.67175,5.0534353,0.076660156,-0.19799805,0.9638672,1000.4885,997.145,994.7481,0.0,0.0,0.0,0.0,0.0,0.0,0.0,0.0,0.0,0.0,0.0,0.0
325,649,-0.63623047,-0.123535156,0.83374023,987.6336,974.67175,5.0839696,0.056884766,-0.22241211,0.9963379,1000.397,997.09924,994.64124,0.0,0.0,0.0,0.0,0.0,0.0,0.0,0.0,0.0,0.0,0.0,0.0
326,651,-0.63671875,-0.1538086,0.7536621,987.64886,974.6565,5.2519083,0.1340332,-0.23779297,1.0026855,1000.397,997.09924,994.67175,0.0,0.0,0.0,0.0,0.0,0.0,0.0,0.0,0.0,0.0,0.0,0.0
327,653,-0.66845703,-0.16210938,0.76586914,987.6794,974.64124,5.2366414,0.08569336,-0.21191406,1.0131836,1000.3206,997.05347,994.64124,0.0,0.0,0.0,0.0,0.0,0.0,0.0,0.0,0.0,0.0,0.0,0.0
328,655,-0.6899414,-0.13134766,0.7307129,987.55725,974.5954,5.2824426,0.103759766,-0.19995117,0.9814453,1000.2901,996.96185,994.626,0.0,0.0,0.0,0.0,0.0,0.0,0.0,0.0,0.0,0.0,0.0,0.0
329,657,-0.6374512,-0.16503906,0.765625,987.5115,974.6107,5.3587785,0.12158203,-0.28833008,0.95336914,1000.2595,996.916,994.6565,0.0,0.0,0.0,0.0,0.0,0.0,0.0,0.0,0.0,0.0,0.0,0.0
330,659,-0.6633301,-0.16992188,0.7126465,987.4809,974.64124,5.4198475,0.07836914,-0.2277832,0.94628906,1000.21375,996.9313,994.67175,0.0,0.0,0.0,0.0,0.0,0.0,0.0,0.0,0.0,0.0,0.0,0.0
331,661,-0.65356445,-0.1550293,0.7651367,987.5725,974.5649,5.4503818,0.08154297,-0.23046875,0.95996094,1000.2595,996.8244,994.67175,0.0,0.0,0.0,0.0,0.0,0.0,0.0,0.0,0.0,0.0,0.0,0.0
332,663,-0.6582031,-0.11328125,0.7697754,987.5725,974.458,5.4198475,0.11767578,-0.24560547,0.9602051,1000.30536,996.7939,994.6565,0.0,0.0,0.0,0.0,0.0,0.0,0.0,0.0,0.0,0.0,0.0,0.0
333,665,-0.67626953,-0.1550293,0.74121094,987.61835,974.47327,5.4351144,0.13061523,-0.19726562,0.97631836,1000.24426,996.76337,994.64124,0.0,0.0,0.0,0.0,0.0,0.0,0.0,0.0,0.0,0.0,0.0,0.0
334,667,-0.6628418,-0.14770508,0.73168945,987.55725,974.4885,5.3587785,0.09423828,-0.19506836,0.96069336,1000.21375,996.7786,994.5649,0.0,0.0,0.0,0.0,0.0,0.0,0.0,0.0,0.0,0.0,0.0,0.0
335,669,-0.6491699,-0.18334961,0.74487305,987.58777,974.44275,5.3129773,0.13720703,-0.23510742,0.97802734,1000.1985,996.76337,994.5649,0.0,0.0,0.0,0.0,0.0,0.0,0.0,0.0,0.0,0.0,0.0,0.0
336,671,-0.64501953,-0.11645508,0.77685547,987.603,974.4275,5.328244,0.08081055,-0.22460938,0.9807129,1000.21375,996.76337,994.58014,0.0,0.0,0.0,0.0,0.0,0.0,0.0,0.0,0.0,0.0,0.0,0.0
337,673,-0.6442871,-0.14697266,0.76049805,987.603,974.41223,5.3129773,0.076660156,-0.2446289,0.9824219,1000.1985,996.7176,994.626,0.0,0.0,0.0,0.0,0.0,0.0,0.0,0.0,0.0,0.0,0.0,0.0
338,675,-0.6652832,-0.08569336,0.80078125,987.542,974.3359,5.328244,0.079589844,-0.25,0.9428711,1000.1374,996.7786,994.6565,0.0,0.0,0.0,0.0,0.0,0.0,0.0,0.0,0.0,0.0,0.0,0.0
339,677,-0.66015625,-0.1459961,0.76171875,987.542,974.2595,5.3129773,0.13476562,-0.23535156,0.9765625,1000.1069,996.7939,994.7176,0.0,0.0,0.0,0.0,0.0,0.0,0.0,0.0,0.0,0.0,0.0,0.0
340,679,-0.67407227,-0.09838867,0.7792969,987.52673,974.35114,5.4198475,0.12695312,-0.24316406,0.96435547,1000.0305,996.80914,994.7481,0.0,0.0,0.0,0.0,0.0,0.0,0.0,0.0,0.0,0.0,0.0,0.0
341,681,-0.6660156,-0.16137695,0.7180176,987.46564,974.44275,5.40458,0.12768555,-0.22631836,0.9645996,999.92365,996.8244,994.8244,0.0,0.0,0.0,0.0,0.0,0.0,0.0,0.0,0.0,0.0,0.0,0.0
342,683,-0.6345215,-0.16870117,0.7290039,987.35876,974.5191,5.328244,0.0075683594,-0.20336914,0.94189453,999.84735,996.90076,994.8397,0.0,0.0,0.0,0.0,0.0,0.0,0.0,0.0,0.0,0.0,0.0,0.0
343,685,-0.64404297,-0.1550293,0.73779297,987.3435,974.397,5.40458,0.18237305,-0.23217773,0.97631836,999.9695,996.9771,994.80914,0.0,0.0,0.0,0.0,0.0,0.0,0.0,0.0,0.0,0.0,0.0,0.0
344,687,-0.654541,-0.1340332,0.72680664,987.38934,974.2595,5.374046,0.084228516,-0.28051758,0.9399414,999.9695,997.0229,994.8397,0.0,0.0,0.0,0.0,0.0,0.0,0.0,0.0,0.0,0.0,0.0,0.0
345,689,-0.7077637,-0.12963867,0.72314453,987.38934,974.2901,5.3587785,0.12792969,-0.26538086,0.98046875,999.8931,996.9924,994.80914,0.0,0.0,0.0,0.0,0.0,0.0,0.0,0.0,0.0,0.0,0.0,0.0
346,691,-0.6772461,-0.17089844,0.77319336,987.4351,974.397,5.29771,0.10620117,-0.24243164,0.9958496,999.78625,996.9924,994.687,0.0,0.0,0.0,0.0,0.0,0.0,0.0,0.0,0.0,0.0,0.0,0.0
347,693,-0.67993164,-0.13598633,0.7800293,987.4351,974.44275,5.3587785,0.07910156,-0.21240234,0.95654297,999.771,997.05347,994.5649,0.0,0.0,0.0,0.0,0.0,0.0,0.0,0.0,0.0,0.0,0.0,0.0
348,695,-0.6152344,-0.18725586,0.7944336,987.4504,974.50385,5.29771,0.0925293,-0.21826172,1.0024414,999.61835,997.03815,994.58014,0.0,0.0,0.0,0.0,0.0,0.0,0.0,0.0,0.0,0.0,0.0,0.0
349,697,-0.6352539,-0.1328125,0.7871094,987.4046,974.5496,5.3129773,0.10571289,-0.21582031,0.94873047,999.55725,997.0687,994.64124,0.0,0.0,0.0,0.0,0.0,0.0,0.0,0.0,0.0,0.0,0.0,0.0
350,699,-0.63183594,-0.111328125,0.73461914,987.35876,974.5649,5.40458,0.08569336,-0.25854492,0.9926758,999.46564,997.0687,994.7176,0.0,0.0,0.0,0.0,0.0,0.0,0.0,0.0,0.0,0.0,0.0,0.0
351,701,-0.65844727,-0.17871094,0.73217773,987.3435,974.5649,5.5114503,0.09838867,-0.19604492,0.99975586,999.41986,997.05347,994.7786,0.0,0.0,0.0,0.0,0.0,0.0,0.0,0.0,0.0,0.0,0.0,0.0
352,703,-0.6767578,-0.12182617,0.7631836,987.4809,974.53436,5.6030536,0.083496094,-0.26391602,0.9633789,999.313,996.9771,994.8397,0.0,0.0,0.0,0.0,0.0,0.0,0.0,0.0,0.0,0.0,0.0,0.0
353,705,-0.6855469,-0.12890625,0.7961426,987.4809,974.47327,5.633588,0.07348633,-0.24926758,1.0151367,999.2061,996.9313,994.855,0.0,0.0,0.0,0.0,0.0,0.0,0.0,0.0,0.0,0.0,0.0,0.0
354,707,-0.6555176,-0.15966797,0.73779297,987.4962,974.58014,5.648855,0.049072266,-0.22094727,0.93359375,999.1145,996.87024,994.9466,0.0,0.0,0.0,0.0,0.0,0.0,0.0,0.0,0.0,0.0,0.0,0.0
355,709,-0.7060547,-0.16113281,0.73046875,987.4809,974.58014,5.6793895,0.11230469,-0.24438477,0.9814453,999.12976,996.90076,994.9313,0.0,0.0,0.0,0.0,0.0,0.0,0.0,0.0,0.0,0.0,0.0,0.0
356,711,-0.6542969,-0.16625977,0.78125,987.4046,974.38165,5.7862597,0.07421875,-0.18066406,0.9428711,999.23663,996.9313,994.7939,0.0,0.0,0.0,0.0,0.0,0.0,0.0,0.0,0.0,0.0,0.0,0.0
357,713,-0.66137695,-0.10522461,0.7844238,987.4046,974.21375,5.740458,0.05859375,-0.22607422,0.9121094,999.26715,996.87024,994.73285,0.0,0.0,0.0,0.0,0.0,0.0,0.0,0.0,0.0,0.0,0.0,0.0
358,715,-0.6845703,-0.16503906,0.70947266,987.38934,974.21375,5.7099237,0.09716797,-0.25146484,0.9880371,999.2061,996.855,994.8244,0.0,0.0,0.0,0.0,0.0,0.0,0.0,0.0,0.0,0.0,0.0,0.0
359,717,-0.6503906,-0.17578125,0.76220703,987.35876,974.27484,5.6793895,0.10986328,-0.19360352,0.9875488,999.2061,996.8397,994.855,0.0,0.0,0.0,0.0,0.0,0.0,0.0,0.0,0.0,0.0,0.0,0.0
360,719,-0.6188965,-0.13305664,0.7512207,987.4046,974.35114,5.6793895,0.13549805,-0.25561523,0.9694824,999.1603,996.80914,994.9313,0.0,0.0,0.0,0.0,0.0,0.0,0.0,0.0,0.0,0.0,0.0,0.0
361,721,-0.66137695,-0.17236328,0.78808594,987.41986,974.47327,5.6183205,0.14428711,-0.21069336,0.96777344,999.09924,996.7481,994.9466,0.0,0.0,0.0,0.0,0.0,0.0,0.0,0.0,0.0,0.0,0.0,0.0
362,723,-0.6455078,-0.18408203,0.75512695,987.4046,974.397,5.664122,0.10595703,-0.17529297,0.9604492,999.03815,996.73285,995.0229,0.0,0.0,0.0,0.0,0.0,0.0,0.0,0.0,0.0,0.0,0.0,0.0
363,725,-0.6489258,-0.17602539,0.7416992,987.374,974.35114,5.557252,0.11743164,-0.23339844,0.9794922,999.0229,996.80914,995.0687,0.0,0.0,0.0,0.0,0.0,0.0,0.0,0.0,0.0,0.0,0.0,0.0
364,727,-0.6530762,-0.15136719,0.7807617,987.313,974.35114,5.5114503,0.099853516,-0.21875,0.9902344,999.03815,996.8397,995.03815,0.0,0.0,0.0,0.0,0.0,0.0,0.0,0.0,0.0,0.0,0.0,0.0
365,729,-0.6245117,-0.14672852,0.72143555,987.23663,974.2595,5.557252,0.12109375,-0.25317383,0.96606445,999.05347,996.8855,995.03815,0.0,0.0,0.0,0.0,0.0,0.0,0.0,0.0,0.0,0.0,0.0,0.0
366,731,-0.66625977,-0.14941406,0.73950195,987.26715,974.24426,5.557252,0.13647461,-0.25756836,0.9592285,999.12976,996.9313,995.1603,0.0,0.0,0.0,0.0,0.0,0.0,0.0,0.0,0.0,0.0,0.0,0.0
367,733,-0.6833496,-0.14526367,0.72509766,987.374,974.3206,5.6183205,0.13134766,-0.20043945,0.9838867,999.09924,996.9313,995.145,0.0,0.0,0.0,0.0,0.0,0.0,0.0,0.0,0.0,0.0,0.0,0.0
368,735,-0.654541,-0.14282227,0.78125,987.46564,974.35114,5.6030536,0.088134766,-0.24511719,0.97216797,999.0076,996.916,995.12976,0.0,0.0,0.0,0.0,0.0,0.0,0.0,0.0,0.0,0.0,0.0,0.0
369,737,-0.61621094,-0.15014648,0.717041,987.4809,974.3206,5.5267177,0.0637207,-0.23413086,0.9765625,999.0076,996.90076,995.12976,0.0,0.0,0.0,0.0,0.0,0.0,0.0,0.0,0.0,0.0,0.0,0.0
370,739,-0.6477051,-0.12646484,0.7504883,987.35876,974.21375,5.4351144,0.064697266,-0.1899414,0.96484375,998.9313,996.87024,995.23663,0.0,0.0,0.0,0.0,0.0,0.0,0.0,0.0,0.0,0.0,0.0,0.0
371,741,-0.63549805,-0.16870117,0.7648926,987.2977,974.24426,5.40458,0.08300781,-0.17700195,0.9526367,998.916,996.855,995.19086,0.0,0.0,0.0,0.0,0.0,0.0,0.0,0.0,0.0,0.0,0.0,0.0
372,743,-0.6796875,-0.09448242,0.77319336,987.41986,974.24426,5.4351144,0.060302734,-0.26098633,0.9626465,998.90076,996.87024,995.145,0.0,0.0,0.0,0.0,0.0,0.0,0.0,0.0,0.0,0.0,0.0,0.0
373,745,-0.65966797,-0.14282227,0.73657227,987.5115,974.229,5.374046,0.1003418,-0.23535156,0.98828125,998.90076,996.87024,995.1756,0.0,0.0,0.0,0.0,0.0,0.0,0.0,0.0,0.0,0.0,0.0,0.0
374,747,-0.65478516,-0.15039062,0.73828125,987.4504,974.30536,5.4656487,0.08959961,-0.23071289,0.9580078,998.8855,996.87024,995.12976,0.0,0.0,0.0,0.0,0.0,0.0,0.0,0.0,0.0,0.0,0.0,0.0
375,749,-0.7224121,-0.14428711,0.7402344,987.4046,974.2595,5.5419846,0.076416016,-0.2565918,0.9223633,998.855,996.80914,995.1756,0.0,0.0,0.0,0.0,0.0,0.0,0.0,0.0,0.0,0.0,0.0,0.0
376,751,-0.67333984,-0.13208008,0.73168945,987.5115,974.12213,5.5725193,0.11987305,-0.1862793,0.97509766,998.90076,996.76337,995.26715,0.0,0.0,0.0,0.0,0.0,0.0,0.0,0.0,0.0,0.0,0.0,0.0
377,753,-0.6779785,-0.11425781,0.7932129,987.46564,973.9695,5.648855,0.08544922,-0.24902344,0.96191406,998.9771,996.7939,995.313,0.0,0.0,0.0,0.0,0.0,0.0,0.0,0.0,0.0,0.0,0.0,0.0
378,755,-0.638916,-0.14379883,0.8215332,987.4504,973.9695,5.633588,0.08911133,-0.23461914,0.9406738,998.9466,996.80914,995.313,0.0,0.0,0.0,0.0,0.0,0.0,0.0,0.0,0.0,0.0,0.0,0.0
379,757,-0.68359375,-0.1472168,0.8144531,987.4046,974.01526,5.648855,0.08227539,-0.19335938,0.9711914,998.9466,996.73285,995.313,0.0,0.0,0.0,0.0,0.0,0.0,0.0,0.0,0.0,0.0,0.0,0.0
380,759,-0.57543945,-0.10449219,0.7324219,987.4351,973.9542,5.6793895,0.12963867,-0.19165039,0.9472656,998.90076,996.67175,995.38934,0.0,0.0,0.0,0.0,0.0,0.0,0.0,0.0,0.0,0.0,0.0,0.0
381,761,-0.68725586,-0.16821289,0.736084,987.4962,973.87787,5.7099237,0.11230469,-0.24707031,0.98828125,998.8244,996.5954,995.4351,0.0,0.0,0.0,0.0,0.0,0.0,0.0,0.0,0.0,0.0,0.0,0.0
382,763,-0.65844727,-0.119140625,0.7373047,987.46564,973.8015,5.587786,0.1328125,-0.26953125,1.0068359,998.8855,996.58014,995.38934,0.0,0.0,0.0,0.0,0.0,0.0,0.0,0.0,0.0,0.0,0.0,0.0
383,765,-0.6791992,-0.15917969,0.79541016,987.41986,973.7099,5.5419846,0.14746094,-0.24194336,0.94628906,998.9771,996.47327,995.32825,0.0,0.0,0.0,0.0,0.0,0.0,0.0,0.0,0.0,0.0,0.0,0.0
384,767,-0.6633301,-0.15185547,0.7531738,987.4351,973.8015,5.5267177,0.06591797,-0.18310547,0.96850586,999.05347,996.4275,995.3435,0.0,0.0,0.0,0.0,0.0,0.0,0.0,0.0,0.0,0.0,0.0,0.0
385,769,-0.6984863,-0.16479492,0.7858887,987.4351,973.7252,5.389313,0.12548828,-0.19921875,0.9472656,999.09924,996.50385,995.2977,0.0,0.0,0.0,0.0,0.0,0.0,0.0,0.0,0.0,0.0,0.0,0.0
386,771,-0.61865234,-0.15551758,0.76342773,987.41986,973.8015,5.4351144,0.07836914,-0.17285156,0.9863281,999.1756,996.50385,995.2214,0.0,0.0,0.0,0.0,0.0,0.0,0.0,0.0,0.0,0.0,0.0,0.0
387,773,-0.63671875,-0.12915039,0.7680664,987.38934,973.9084,5.4961834,0.084472656,-0.2397461,0.9604492,999.26715,996.50385,995.2519,0.0,0.0,0.0,0.0,0.0,0.0,0.0,0.0,0.0,0.0,0.0,0.0
388,775,-0.6809082,-0.09375,0.80322266,987.4504,973.93896,5.4961834,0.14282227,-0.23266602,0.9812012,999.32825,996.5649,995.2214,0.0,0.0,0.0,0.0,0.0,0.0,0.0,0.0,0.0,0.0,0.0,0.0
389,777,-0.66186523,-0.20532227,0.73999023,987.46564,973.8931,5.4351144,0.0847168,-0.22216797,0.9831543,999.23663,996.5496,995.1603,0.0,0.0,0.0,0.0,0.0,0.0,0.0,0.0,0.0,0.0,0.0,0.0
390,779,-0.6713867,-0.17138672,0.7375488,987.4809,973.8626,5.389313,0.07788086,-0.20703125,0.9794922,999.19086,996.6107,995.1756,0.0,0.0,0.0,0.0,0.0,0.0,0.0,0.0,0.0,0.0,0.0,0.0
391,781,-0.6142578,-0.14770508,0.7290039,987.4809,973.8626,5.1603055,0.06933594,-0.20629883,0.9458008,999.19086,996.67175,995.2825,0.0,0.0,0.0,0.0,0.0,0.0,0.0,0.0,0.0,0.0,0.0,0.0
392,783,-0.7145996,-0.13330078,0.75390625,987.46564,973.93896,5.2366414,0.0390625,-0.23071289,0.95458984,999.32825,996.73285,995.26715,0.0,0.0,0.0,0.0,0.0,0.0,0.0,0.0,0.0,0.0,0.0,0.0
393,785,-0.6418457,-0.10107422,0.7229004,987.4046,973.98474,5.2519083,0.084228516,-0.2133789,0.9567871,999.313,996.7023,995.2519,0.0,0.0,0.0,0.0,0.0,0.0,0.0,0.0,0.0,0.0,0.0,0.0
394,787,-0.6699219,-0.18603516,0.71850586,987.542,973.92365,5.2671757,0.12890625,-0.25,0.998291,999.374,996.64124,995.145,0.0,0.0,0.0,0.0,0.0,0.0,0.0,0.0,0.0,0.0,0.0,0.0
395,789,-0.66015625,-0.07714844,0.7885742,987.4809,973.9084,5.3435116,0.045166016,-0.234375,0.9963379,999.4046,996.67175,995.1603,0.0,0.0,0.0,0.0,0.0,0.0,0.0,0.0,0.0,0.0,0.0,0.0
396,791,-0.67163086,-0.13720703,0.7980957,987.4351,974.01526,5.3435116,0.109375,-0.19433594,0.9926758,999.374,996.67175,995.2977,0.0,0.0,0.0,0.0,0.0,0.0,0.0,0.0,0.0,0.0,0.0,0.0
397,793,-0.6376953,-0.14453125,0.7373047,987.46564,974.0458,5.3435116,0.16601562,-0.2211914,0.95092773,999.4504,996.5649,995.313,0.0,0.0,0.0,0.0,0.0,0.0,0.0,0.0,0.0,0.0,0.0,0.0
398,795,-0.7097168,-0.13305664,0.8364258,987.542,973.9695,5.2519083,0.12060547,-0.24365234,0.9658203,999.46564,996.5496,995.32825,0.0,0.0,0.0,0.0,0.0,0.0,0.0,0.0,0.0,0.0,0.0,0.0
399,797,-0.67749023,-0.06640625,0.73657227,987.55725,974.01526,5.19084,0.075683594,-0.19995117,0.9572754,999.4504,996.5191,995.38934,0.0,0.0,0.0,0.0,0.0,0.0,0.0,0.0,0.0,0.0,0.0,0.0
400,799,-0.638916,-0.125,0.7441406,987.4351,974.1069,5.2061067,0.08251953,-0.16503906,1.0063477,999.4809,996.50385,995.38934,0.0,0.0,0.0,0.0,0.0,0.0,0.0,0.0,0.0,0.0,0.0,0.0
401,801,-0.64331055,-0.1381836,0.7475586,987.46564,974.15265,5.3129773,0.13964844,-0.26098633,0.96484375,999.5725,996.4885,995.32825,0.0,0.0,0.0,0.0,0.0,0.0,0.0,0.0,0.0,0.0,0.0,0.0
402,803,-0.6437988,-0.1262207,0.7565918,987.5115,974.0458,5.2824426,0.08081055,-0.19897461,0.9807129,999.61835,996.5496,995.313,0.0,0.0,0.0,0.0,0.0,0.0,0.0,0.0,0.0,0.0,0.0,0.0
403,805,-0.6542969,-0.13671875,0.7578125,987.5115,974.01526,5.2519083,0.08129883,-0.22460938,0.95532227,999.6794,996.6107,995.2977,0.0,0.0,0.0,0.0,0.0,0.0,0.0,0.0,0.0,0.0,0.0,0.0
404,807,-0.60302734,-0.10253906,0.7385254,987.52673,974.0916,5.2671757,0.06616211,-0.20825195,0.97387695,999.7405,996.6565,995.2519,0.0,0.0,0.0,0.0,0.0,0.0,0.0,0.0,0.0,0.0,0.0,0.0
405,809,-0.63842773,-0.18383789,0.7949219,987.52673,974.12213,5.1603055,0.099853516,-0.23217773,0.9916992,999.7099,996.6107,995.2061,0.0,0.0,0.0,0.0,0.0,0.0,0.0,0.0,0.0,0.0,0.0,0.0
406,811,-0.7072754,-0.1694336,0.81274414,987.61835,974.0916,5.0839696,0.0715332,-0.23291016,0.9848633,999.7405,996.6107,995.145,0.0,0.0,0.0,0.0,0.0,0.0,0.0,0.0,0.0,0.0,0.0,0.0
407,813,-0.6789551,-0.11401367,0.7531738,987.52673,974.12213,5.19084,0.14086914,-0.22875977,0.9082031,999.75574,996.6565,995.1756,0.0,0.0,0.0,0.0,0.0,0.0,0.0,0.0,0.0,0.0,0.0,0.0
408,815,-0.67456055,-0.12719727,0.72753906,987.374,974.27484,5.2519083,0.13232422,-0.2475586,0.98217773,999.78625,996.7176,995.1756,0.0,0.0,0.0,0.0,0.0,0.0,0.0,0.0,0.0,0.0,0.0,0.0
409,817,-0.6713867,-0.11279297,0.78930664,987.3435,974.2595,5.2061067,0.07373047,-0.2163086,0.93408203,999.8931,996.7786,995.12976,0.0,0.0,0.0,0.0,0.0,0.0,0.0,0.0,0.0,0.0,0.0,0.0
410,819,-0.6530762,-0.123046875,0.7529297,987.35876,974.24426,5.2519083,0.11816406,-0.23364258,0.95166016,999.9695,996.80914,995.09924,0.0,0.0,0.0,0.0,0.0,0.0,0.0,0.0,0.0,0.0,0.0,0.0
411,821,-0.66748047,-0.1496582,0.78466797,987.2977,974.2595,5.221374,0.14746094,-0.19140625,0.9519043,1000.0458,996.7481,995.09924,0.0,0.0,0.0,0.0,0.0,0.0,0.0,0.0,0.0,0.0,0.0,0.0
412,823,-0.67041016,-0.13964844,0.78222656,987.26715,974.229,5.2061067,0.10986328,-0.2548828,0.9580078,1000.07635,996.80914,995.03815,0.0,0.0,0.0,0.0,0.0,0.0,0.0,0.0,0.0,0.0,0.0,0.0
413,825,-0.6555176,-0.13134766,0.77783203,987.2519,974.16797,5.1755724,0.16918945,-0.22851562,0.9577637,1000.1069,996.80914,995.0076,0.0,0.0,0.0,0.0,0.0,0.0,0.0,0.0,0.0,0.0,0.0,0.0
414,827,-0.6801758,-0.17114258,0.7067871,987.32825,974.1374,5.221374,0.1262207,-0.26708984,0.9760742,1000.15265,996.76337,995.0229,0.0,0.0,0.0,0.0,0.0,0.0,0.0,0.0,0.0,0.0,0.0,0.0
415,829,-0.6933594,-0.17041016,0.74853516,987.35876,974.0458,5.145038,0.08081055,-0.18286133,0.94750977,1000.0611,996.7023,995.03815,0.0,0.0,0.0,0.0,0.0,0.0,0.0,0.0,0.0,0.0,0.0,0.0
416,831,-0.6828613,-0.12524414,0.76831055,987.35876,974.0916,5.221374,0.095214844,-0.19555664,0.9470215,1000.0916,996.7176,994.9313,0.0,0.0,0.0,0.0,0.0,0.0,0.0,0.0,0.0,0.0,0.0,0.0
417,833,-0.6254883,-0.16992188,0.77978516,987.35876,974.0458,5.3435116,0.06933594,-0.22460938,0.96850586,1000.0916,996.7786,994.90076,0.0,0.0,0.0,0.0,0.0,0.0,0.0,0.0,0.0,0.0,0.0,0.0
418,835,-0.67211914,-0.13183594,0.7258301,987.38934,974.0305,5.29771,0.10620117,-0.22216797,0.9362793,1000.1069,996.76337,995.0229,0.0,0.0,0.0,0.0,0.0,0.0,0.0,0.0,0.0,0.0,0.0,0.0
419,837,-0.68359375,-0.118652344,0.7458496,987.4351,973.93896,5.29771,0.026855469,-0.21679688,0.97143555,1000.1374,996.7176,995.05347,0.0,0.0,0.0,0.0,0.0,0.0,0.0,0.0,0.0,0.0,0.0,0.0
420,839,-0.64575195,-0.10546875,0.76586914,987.41986,974.0,5.328244,0.0871582,-0.27319336,0.9621582,1000.15265,996.8397,995.0687,0.0,0.0,0.0,0.0,0.0,0.0,0.0,0.0,0.0,0.0,0.0,0.0
421,841,-0.63183594,-0.14868164,0.71850586,987.41986,974.0916,5.389313,0.09375,-0.22070312,0.9638672,1000.229,996.7786,994.96185,0.0,0.0,0.0,0.0,0.0,0.0,0.0,0.0,0.0,0.0,0.0,0.0
422,843,-0.6374512,-0.10253906,0.7541504,987.41986,974.1069,5.4198475,0.12451172,-0.26245117,1.0061035,1000.2595,996.7023,995.03815,0.0,0.0,0.0,0.0,0.0,0.0,0.0,0.0,0.0,0.0,0.0,0.0
423,845,-0.6689453,-0.115234375,0.7475586,987.4046,974.0305,5.374046,0.08691406,-0.2446289,0.98950195,1000.2901,996.7786,995.12976,0.0,0.0,0.0,0.0,0.0,0.0,0.0,0.0,0.0,0.0,0.0,0.0
424,847,-0.6347656,-0.14257812,0.7963867,987.374,973.98474,5.374046,0.09399414,-0.22094727,0.9802246,1000.38165,996.76337,995.19086,0.0,0.0,0.0,0.0,0.0,0.0,0.0,0.0,0.0,0.0,0.0,0.0
425,849,-0.66064453,-0.16748047,0.7939453,987.35876,974.0,5.4198475,0.06274414,-0.20385742,0.96069336,1000.38165,996.7786,995.1756,0.0,0.0,0.0,0.0,0.0,0.0,0.0,0.0,0.0,0.0,0.0,0.0
426,851,-0.673584,-0.10571289,0.7529297,987.4046,974.1069,5.480916,0.095214844,-0.24975586,0.9699707,1000.397,996.80914,995.1145,0.0,0.0,0.0,0.0,0.0,0.0,0.0,0.0,0.0,0.0,0.0,0.0
427,853,-0.6352539,-0.15112305,0.77441406,987.52673,974.1832,5.4198475,0.087890625,-0.24243164,0.9926758,1000.4275,996.8244,995.084,0.0,0.0,0.0,0.0,0.0,0.0,0.0,0.0,0.0,0.0,0.0,0.0
428,855,-0.6801758,-0.18554688,0.78149414,987.4962,974.21375,5.40458,0.05029297,-0.25390625,0.9694824,1000.41223,996.76337,995.084,0.0,0.0,0.0,0.0,0.0,0.0,0.0,0.0,0.0,0.0,0.0,0.0
429,857,-0.70166016,-0.1796875,0.77978516,987.38934,974.27484,5.4198475,0.12011719,-0.28320312,0.96655273,1000.397,996.7939,995.1145,0.0,0.0,0.0,0.0,0.0,0.0,0.0,0.0,0.0,0.0,0.0,0.0
430,859,-0.6760254,-0.1352539,0.78344727,987.4046,974.21375,5.3435116,0.08227539,-0.20825195,0.9067383,1000.41223,996.7939,995.2214,0.0,0.0,0.0,0.0,0.0,0.0,0.0,0.0,0.0,0.0,0.0,0.0
431,861,-0.6928711,-0.12915039,0.71533203,987.38934,974.12213,5.19084,0.09643555,-0.2590332,0.93115234,1000.397,996.7939,995.2061,0.0,0.0,0.0,0.0,0.0,0.0,0.0,0.0,0.0,0.0,0.0,0.0
432,863,-0.6882324,-0.13208008,0.7739258,987.41986,974.0458,5.1755724,0.07739258,-0.23022461,0.9680176,1000.3664,996.8397,995.145,0.0,0.0,0.0,0.0,0.0,0.0,0.0,0.0,0.0,0.0,0.0,0.0
433,865,-0.6557617,-0.18041992,0.7504883,987.38934,974.1374,5.2519083,0.06591797,-0.22363281,0.98779297,1000.397,996.8855,995.09924,0.0,0.0,0.0,0.0,0.0,0.0,0.0,0.0,0.0,0.0,0.0,0.0
434,867,-0.6765137,-0.13574219,0.77441406,987.3435,974.1985,5.2519083,0.15136719,-0.23754883,0.9499512,1000.44275,996.8855,995.145,0.0,0.0,0.0,0.0,0.0,0.0,0.0,0.0,0.0,0.0,0.0,0.0
435,869,-0.6706543,-0.072265625,0.76342773,987.4046,974.15265,5.3435116,0.14013672,-0.22241211,0.9658203,1000.458,996.9313,995.19086,0.0,0.0,0.0,0.0,0.0,0.0,0.0,0.0,0.0,0.0,0.0,0.0
436,871,-0.63842773,-0.13647461,0.7453613,987.3435,974.07635,5.3435116,0.118896484,-0.20800781,0.98950195,1000.4275,996.9313,995.2519,0.0,0.0,0.0,0.0,0.0,0.0,0.0,0.0,0.0,0.0,0.0,0.0
437,873,-0.6113281,-0.15625,0.80688477,987.2214,974.0611,5.3587785,0.11303711,-0.21728516,0.9699707,1000.397,996.9771,995.2825,0.0,0.0,0.0,0.0,0.0,0.0,0.0,0.0,0.0,0.0,0.0,0.0
438,875,-0.68725586,-0.1430664,0.7668457,987.1756,974.01526,5.374046,0.11694336,-0.24414062,0.92871094,1000.35114,997.084,995.26715,0.0,0.0,0.0,0.0,0.0,0.0,0.0,0.0,0.0,0.0,0.0,0.0
439,877,-0.6340332,-0.12524414,0.7531738,987.23663,973.92365,5.40458,0.087890625,-0.23144531,0.95581055,1000.2901,997.1603,995.2519,0.0,0.0,0.0,0.0,0.0,0.0,0.0,0.0,0.0,0.0,0.0,0.0
440,879,-0.6340332,-0.14794922,0.8273926,987.2519,973.9695,5.3129773,0.125,-0.2097168,0.99316406,1000.21375,997.1603,995.23663,0.0,0.0,0.0,0.0,0.0,0.0,0.0,0.0,0.0,0.0,0.0,0.0
441,881,-0.66064453,-0.14208984,0.74365234,987.32825,974.0,5.328244,0.05908203,-0.24072266,0.93774414,1000.1985,997.145,995.19086,0.0,0.0,0.0,0.0,0.0,0.0,0.0,0.0,0.0,0.0,0.0,0.0
442,883,-0.6479492,-0.13378906,0.7163086,987.26715,974.0305,5.328244,0.072753906,-0.15307617,0.9523926,1000.229,997.1756,995.1756,0.0,0.0,0.0,0.0,0.0,0.0,0.0,0.0,0.0,0.0,0.0,0.0
443,885,-0.61499023,-0.16699219,0.7363281,987.32825,974.01526,5.2671757,0.06665039,-0.26367188,0.98168945,1000.2595,997.145,995.1145,0.0,0.0,0.0,0.0,0.0,0.0,0.0,0.0,0.0,0.0,0.0,0.0
444,887,-0.6213379,-0.12841797,0.7661133,987.35876,973.93896,5.29771,0.09887695,-0.23144531,0.9848633,1000.2901,997.09924,995.0229,0.0,0.0,0.0,0.0,0.0,0.0,0.0,0.0,0.0,0.0,0.0,0.0
445,889,-0.65722656,-0.17260742,0.75756836,987.32825,973.92365,5.2824426,0.10131836,-0.25927734,0.97631836,1000.1985,997.05347,994.9771,0.0,0.0,0.0,0.0,0.0,0.0,0.0,0.0,0.0,0.0,0.0,0.0
446,891,-0.68847656,-0.122802734,0.75512695,987.313,973.9542,5.3435116,0.06933594,-0.22167969,0.9406738,1000.0611,997.0229,995.0076,0.0,0.0,0.0,0.0,0.0,0.0,0.0,0.0,0.0,0.0,0.0,0.0
447,893,-0.71435547,-0.15112305,0.7858887,987.38934,974.01526,5.3435116,0.0949707,-0.23803711,0.9628906,1000.0,996.9924,995.03815,0.0,0.0,0.0,0.0,0.0,0.0,0.0,0.0,0.0,0.0,0.0,0.0
448,895,-0.65625,-0.16479492,0.7583008,987.38934,973.98474,5.3587785,0.14990234,-0.21850586,0.9680176,999.92365,996.96185,994.9924,0.0,0.0,0.0,0.0,0.0,0.0,0.0,0.0,0.0,0.0,0.0,0.0
449,897,-0.6916504,-0.14624023,0.7578125,987.374,974.0,5.3587785,0.11816406,-0.23950195,1.0292969,999.8931,996.96185,994.96185,0.0,0.0,0.0,0.0,0.0,0.0,0.0,0.0,0.0,0.0,0.0,0.0
450,899,-0.66259766,-0.14477539,0.7434082,987.2977,974.0,5.40458,0.08081055,-0.26953125,0.9951172,999.8015,996.96185,994.96185,0.0,0.0,0.0,0.0,0.0,0.0,0.0,0.0,0.0,0.0,0.0,0.0
451,901,-0.6418457,-0.11425781,0.74609375,987.313,973.84735,5.3435116,0.08178711,-0.23461914,0.9470215,999.7405,996.916,994.9924,0.0,0.0,0.0,0.0,0.0,0.0,0.0,0.0,0.0,0.0,0.0,0.0
452,903,-0.67944336,-0.13085938,0.8239746,987.4351,973.7405,5.2824426,0.10229492,-0.26123047,0.98999023,999.6336,996.916,995.1145,0.0,0.0,0.0,0.0,0.0,0.0,0.0,0.0,0.0,0.0,0.0,0.0
453,905,-0.6867676,-0.13183594,0.7988281,987.38934,973.8168,5.3435116,0.12597656,-0.20898438,0.96972656,999.603,996.9466,995.1756,0.0,0.0,0.0,0.0,0.0,0.0,0.0,0.0,0.0,0.0,0.0,0.0
454,907,-0.65625,-0.17553711,0.70336914,987.35876,973.92365,5.29771,0.107177734,-0.20800781,0.99975586,999.603,996.9466,995.2519,0.0,0.0,0.0,0.0,0.0,0.0,0.0,0.0,0.0,0.0,0.0,0.0
455,909,-0.67089844,-0.12109375,0.6965332,987.4809,973.9084,5.3435116,0.11791992,-0.19897461,0.99121094,999.69464,996.96185,995.26715,0.0,0.0,0.0,0.0,0.0,0.0,0.0,0.0,0.0,0.0,0.0,0.0
456,911,-0.6555176,-0.12670898,0.76342773,987.542,973.8931,5.3587785,0.14892578,-0.20581055,0.94262695,999.69464,997.084,995.2214,0.0,0.0,0.0,0.0,0.0,0.0,0.0,0.0,0.0,0.0,0.0,0.0
457,913,-0.66186523,-0.13305664,0.7624512,987.5115,973.87787,5.2824426,0.12451172,-0.2043457,1.005127,999.6794,997.05347,995.2214,0.0,0.0,0.0,0.0,0.0,0.0,0.0,0.0,0.0,0.0,0.0,0.0
458,915,-0.66845703,-0.11035156,0.7338867,987.4351,974.0,5.2519083,0.10473633,-0.2541504,0.9975586,999.6641,997.05347,995.26715,0.0,0.0,0.0,0.0,0.0,0.0,0.0,0.0,0.0,0.0,0.0,0.0
459,917,-0.642334,-0.14379883,0.72021484,987.38934,974.0611,5.1755724,0.052734375,-0.23706055,0.9375,999.603,997.0687,995.2977,0.0,0.0,0.0,0.0,0.0,0.0,0.0,0.0,0.0,0.0,0.0,0.0
460,919,-0.6550293,-0.13427734,0.75390625,987.46564,974.1374,5.2671757,0.15649414,-0.22338867,0.9577637,999.4504,997.05347,995.26715,0.0,0.0,0.0,0.0,0.0,0.0,0.0,0.0,0.0,0.0,0.0,0.0
461,921,-0.61938477,-0.1887207,0.7692871,987.46564,974.1832,5.29771,0.046875,-0.2368164,0.9638672,999.374,996.9466,995.2825,0.0,0.0,0.0,0.0,0.0,0.0,0.0,0.0,0.0,0.0,0.0,0.0
462,923,-0.6176758,-0.14160156,0.73095703,987.4046,974.1985,5.2519083,0.10595703,-0.19384766,0.9916992,999.2977,996.916,995.26715,0.0,0.0,0.0,0.0,0.0,0.0,0.0,0.0,0.0,0.0,0.0,0.0
463,925,-0.67041016,-0.13134766,0.7233887,987.374,974.1832,5.328244,0.13623047,-0.20996094,0.9567871,999.32825,996.9771,995.23663,0.0,0.0,0.0,0.0,0.0,0.0,0.0,0.0,0.0,0.0,0.0,0.0
464,927,-0.6594238,-0.14819336,0.8051758,987.4809,974.21375,5.3587785,0.08276367,-0.22875977,0.97802734,999.35876,996.9771,995.2825,0.0,0.0,0.0,0.0,0.0,0.0,0.0,0.0,0.0,0.0,0.0,0.0
465,929,-0.65625,-0.16186523,0.73168945,987.542,974.1374,5.3435116,0.09399414,-0.24682617,0.9484863,999.313,996.916,995.1756,0.0,0.0,0.0,0.0,0.0,0.0,0.0,0.0,0.0,0.0,0.0,0.0
466,931,-0.64868164,-0.13989258,0.7597656,987.4962,974.16797,5.4351144,0.072509766,-0.23583984,0.9536133,999.2519,996.916,995.2825,0.0,0.0,0.0,0.0,0.0,0.0,0.0,0.0,0.0,0.0,0.0,0.0
467,933,-0.64453125,-0.14404297,0.79125977,987.4962,974.24426,5.4656487,0.055664062,-0.2512207,0.9645996,999.1603,996.916,995.2825,0.0,0.0,0.0,0.0,0.0,0.0,0.0,0.0,0.0,0.0,0.0,0.0
468,935,-0.6599121,-0.15478516,0.8000488,987.4962,974.229,5.4351144,0.08203125,-0.23364258,0.9248047,999.19086,996.8855,995.1756,0.0,0.0,0.0,0.0,0.0,0.0,0.0,0.0,0.0,0.0,0.0,0.0
469,937,-0.6699219,-0.16259766,0.76708984,987.4809,974.1985,5.4656487,0.10205078,-0.18798828,0.94628906,999.19086,996.87024,995.19086,0.0,0.0,0.0,0.0,0.0,0.0,0.0,0.0,0.0,0.0,0.0,0.0
470,939,-0.6628418,-0.18310547,0.74902344,987.4809,974.24426,5.480916,0.08129883,-0.20874023,0.94555664,999.1145,996.8855,995.23663,0.0,0.0,0.0,0.0,0.0,0.0,0.0,0.0,0.0,0.0,0.0,0.0
471,941,-0.6274414,-0.16040039,0.73339844,987.46564,974.27484,5.4351144,0.07299805,-0.19018555,0.9873047,999.03815,996.8855,995.2519,0.0,0.0,0.0,0.0,0.0,0.0,0.0,0.0,0.0,0.0,0.0,0.0
472,943,-0.64331055,-0.14819336,0.7531738,987.5115,974.27484,5.389313,0.111328125,-0.25561523,0.9760742,999.03815,996.96185,995.313,0.0,0.0,0.0,0.0,0.0,0.0,0.0,0.0,0.0,0.0,0.0,0.0
473,945,-0.6928711,-0.09277344,0.72021484,987.5115,974.229,5.40458,0.10839844,-0.19873047,0.93115234,999.1145,996.8855,995.313,0.0,0.0,0.0,0.0,0.0,0.0,0.0,0.0,0.0,0.0,0.0,0.0
474,947,-0.6611328,-0.14013672,0.72631836,987.52673,974.27484,5.389313,0.07446289,-0.2692871,0.9562988,999.1603,996.916,995.2977,0.0,0.0,0.0,0.0,0.0,0.0,0.0,0.0,0.0,0.0,0.0,0.0
475,949,-0.61938477,-0.15014648,0.7062988,987.5115,974.3206,5.5267177,0.1105957,-0.20532227,0.9470215,999.12976,997.0076,995.313,0.0,0.0,0.0,0.0,0.0,0.0,0.0,0.0,0.0,0.0,0.0,0.0
476,951,-0.6513672,-0.16113281,0.7529297,987.55725,974.2595,5.4351144,0.09448242,-0.17529297,0.94970703,999.1145,997.0229,995.2977,0.0,0.0,0.0,0.0,0.0,0.0,0.0,0.0,0.0,0.0,0.0,0.0
477,953,-0.6489258,-0.13989258,0.7207031,987.5725,974.16797,5.4656487,0.08911133,-0.15942383,0.9621582,999.0687,997.0076,995.35876,0.0,0.0,0.0,0.0,0.0,0.0,0.0,0.0,0.0,0.0,0.0,0.0
478,955,-0.6599121,-0.18530273,0.73291016,987.603,974.229,5.40458,0.083496094,-0.21020508,0.96362305,999.05347,996.9313,995.19086,0.0,0.0,0.0,0.0,0.0,0.0,0.0,0.0,0.0,0.0,0.0,0.0
479,957,-0.69555664,-0.16479492,0.7529297,987.5725,974.2901,5.2824426,0.095947266,-0.21655273,0.986084,999.05347,996.90076,995.145,0.0,0.0,0.0,0.0,0.0,0.0,0.0,0.0,0.0,0.0,0.0,0.0
480,959,-0.6682129,-0.15112305,0.74365234,987.542,974.27484,5.328244,0.17016602,-0.18481445,0.9499512,999.09924,996.916,995.09924,0.0,0.0,0.0,0.0,0.0,0.0,0.0,0.0,0.0,0.0,0.0,0.0
481,961,-0.64697266,-0.14257812,0.76953125,987.542,974.1985,5.328244,0.071777344,-0.24609375,0.9484863,999.145,996.90076,995.1603,0.0,0.0,0.0,0.0,0.0,0.0,0.0,0.0,0.0,0.0,0.0,0.0
482,963,-0.6484375,-0.11645508,0.7739258,987.6336,974.1985,5.29771,0.07885742,-0.24707031,0.9572754,999.1603,996.9313,995.23663,0.0,0.0,0.0,0.0,0.0,0.0,0.0,0.0,0.0,0.0,0.0,0.0
483,965,-0.66186523,-0.14526367,0.7631836,987.64886,974.229,5.2824426,0.05053711,-0.22143555,0.907959,999.2061,996.9466,995.1756,0.0,0.0,0.0,0.0,0.0,0.0,0.0,0.0,0.0,0.0,0.0,0.0
484,967,-0.66015625,-0.13208008,0.76123047,987.5725,974.24426,5.3129773,0.12182617,-0.2097168,0.94873047,999.2519,996.96185,995.23663,0.0,0.0,0.0,0.0,0.0,0.0,0.0,0.0,0.0,0.0,0.0,0.0
485,969,-0.6635742,-0.13183594,0.7297363,987.6641,974.229,5.3587785,0.07714844,-0.20092773,0.9526367,999.35876,996.9771,995.3435,0.0,0.0,0.0,0.0,0.0,0.0,0.0,0.0,0.0,0.0,0.0,0.0
486,971,-0.6635742,-0.13183594,0.7297363,987.6641,974.229,5.3587785,0.09741211,-0.17773438,1.0043945,999.41986,996.9924,995.313,0.0,0.0,0.0,0.0,0.0,0.0,0.0,0.0,0.0,0.0,0.0,0.0
487,973,-0.6628418,-0.12426758,0.7380371,987.603,974.2901,5.5419846,0.08203125,-0.26391602,0.9577637,999.2977,996.916,995.2519,0.0,0.0,0.0,0.0,0.0,0.0,0.0,0.0,0.0,0.0,0.0,0.0
488,975,-0.68188477,-0.1171875,0.7866211,987.603,974.3206,5.480916,0.10449219,-0.14550781,0.9602051,999.2977,996.8397,995.2061,0.0,0.0,0.0,0.0,0.0,0.0,0.0,0.0,0.0,0.0,0.0,0.0
489,977,-0.6647949,-0.1328125,0.7036133,987.6641,974.30536,5.4503818,0.057861328,-0.19726562,0.99902344,999.3435,996.8397,995.2214,0.0,0.0,0.0,0.0,0.0,0.0,0.0,0.0,0.0,0.0,0.0,0.0
490,979,-0.6640625,-0.123535156,0.736084,987.6641,974.21375,5.480916,0.08276367,-0.22314453,0.954834,999.35876,996.90076,995.2214,0.0,0.0,0.0,0.0,0.0,0.0,0.0,0.0,0.0,0.0,0.0,0.0
491,981,-0.6369629,-0.17456055,0.73339844,987.52673,974.1374,5.4503818,0.12524414,-0.21923828,0.9406738,999.3435,996.90076,995.2519,0.0,0.0,0.0,0.0,0.0,0.0,0.0,0.0,0.0,0.0,0.0,0.0
492,983,-0.61621094,-0.11230469,0.7055664,987.4504,974.21375,5.389313,0.15307617,-0.20800781,0.93847656,999.32825,996.90076,995.313,0.0,0.0,0.0,0.0,0.0,0.0,0.0,0.0,0.0,0.0,0.0,0.0
493,985,-0.6652832,-0.13769531,0.71118164,987.46564,974.2901,5.3435116,0.08081055,-0.25097656,0.96875,999.4809,996.90076,995.2977,0.0,0.0,0.0,0.0,0.0,0.0,0.0,0.0,0.0,0.0,0.0,0.0
494,987,-0.65283203,-0.12866211,0.7495117,987.542,974.30536,5.3129773,0.11303711,-0.2355957,0.98950195,999.5725,996.9313,995.2977,0.0,0.0,0.0,0.0,0.0,0.0,0.0,0.0,0.0,0.0,0.0,0.0
495,989,-0.6496582,-0.16748047,0.7819824,987.4962,974.3359,5.2671757,0.055664062,-0.20654297,0.9838867,999.5725,996.90076,995.2977,0.0,0.0,0.0,0.0,0.0,0.0,0.0,0.0,0.0,0.0,0.0,0.0
496,991,-0.67822266,-0.16333008,0.7519531,987.4046,974.397,5.2671757,0.044921875,-0.21166992,0.9406738,999.5725,996.916,995.2214,0.0,0.0,0.0,0.0,0.0,0.0,0.0,0.0,0.0,0.0,0.0,0.0
497,993,-0.6320801,-0.1809082,0.7175293,987.2977,974.3664,5.328244,0.099853516,-0.1953125,0.94433594,999.52673,996.916,995.19086,0.0,0.0,0.0,0.0,0.0,0.0,0.0,0.0,0.0,0.0,0.0,0.0
498,995,-0.64868164,-0.11425781,0.76000977,987.313,974.3206,5.3435116,0.10522461,-0.24047852,0.94433594,999.5725,996.9771,995.2519,0.0,0.0,0.0,0.0,0.0,0.0,0.0,0.0,0.0,0.0,0.0,0.0
499,997,-0.60839844,-0.12402344,0.72509766,987.4046,974.35114,5.40458,0.12719727,-0.2290039,0.982666,999.4962,996.96185,995.2977,0.0,0.0,0.0,0.0,0.0,0.0,0.0,0.0,0.0,0.0,0.0,0.0
500,999,-0.6608887,-0.14428711,0.796875,987.374,974.3664,5.4351144,0.04272461,-0.20898438,0.9941406,999.4351,996.96185,995.3435,0.0,0.0,0.0,0.0,0.0,0.0,0.0,0.0,0.0,0.0,0.0,0.0
501,1001,-0.6645508,-0.14501953,0.77075195,987.32825,974.3359,5.40458,0.08300781,-0.2578125,0.99316406,999.38934,996.9466,995.38934,0.0,0.0,0.0,0.0,0.0,0.0,0.0,0.0,0.0,0.0,0.0,0.0
502,1003,-0.64819336,-0.14990234,0.73461914,987.46564,974.3206,5.4656487,0.08618164,-0.21655273,0.97875977,999.4962,996.96185,995.542,0.0,0.0,0.0,0.0,0.0,0.0,0.0,0.0,0.0,0.0,0.0,0.0
503,1005,-0.66845703,-0.13354492,0.72924805,987.46564,974.24426,5.4198475,0.09863281,-0.1652832,0.96362305,999.55725,996.96185,995.4962,0.0,0.0,0.0,0.0,0.0,0.0,0.0,0.0,0.0,0.0,0.0,0.0
504,1007,-0.6623535,-0.12866211,0.7541504,987.35876,974.1832,5.40458,0.064453125,-0.22631836,0.99560547,999.52673,996.9466,995.4351,0.0,0.0,0.0,0.0,0.0,0.0,0.0,0.0,0.0,0.0,0.0,0.0
505,1009,-0.68725586,-0.18457031,0.7409668,987.38934,974.16797,5.4351144,0.10131836,-0.20117188,0.9616699,999.5725,996.90076,995.3435,0.0,0.0,0.0,0.0,0.0,0.0,0.0,0.0,0.0,0.0,0.0,0.0
506,1011,-0.6621094,-0.14404297,0.71484375,987.4809,974.1374,5.5114503,0.072509766,-0.2434082,0.97924805,999.6794,996.87024,995.2061,0.0,0.0,0.0,0.0,0.0,0.0,0.0,0.0,0.0,0.0,0.0,0.0
507,1013,-0.638916,-0.1706543,0.71313477,987.41986,974.21375,5.587786,0.06665039,-0.1887207,0.9645996,999.64886,996.90076,995.2519,0.0,0.0,0.0,0.0,0.0,0.0,0.0,0.0,0.0,0.0,0.0,0.0
508,1015,-0.68237305,-0.12011719,0.765625,987.4046,974.2595,5.6030536,0.06762695,-0.20996094,0.91796875,999.6641,996.9313,995.313,0.0,0.0,0.0,0.0,0.0,0.0,0.0,0.0,0.0,0.0,0.0,0.0
509,1017,-0.63134766,-0.13647461,0.7751465,987.4351,974.229,5.4351144,0.104003906,-0.2019043,0.97631836,999.6794,996.90076,995.2214,0.0,0.0,0.0,0.0,0.0,0.0,0.0,0.0,0.0,0.0,0.0,0.0
510,1019,-0.6357422,-0.17871094,0.7680664,987.41986,974.0611,5.4503818,0.14770508,-0.2434082,0.954834,999.603,996.916,995.3435,0.0,0.0,0.0,0.0,0.0,0.0,0.0,0.0,0.0,0.0,0.0,0.0
511,1021,-0.6333008,-0.0859375,0.7570801,987.41986,974.07635,5.4198475,0.10571289,-0.1875,0.94799805,999.603,996.9313,995.2977,0.0,0.0,0.0,0.0,0.0,0.0,0.0,0.0,0.0,0.0,0.0,0.0
512,1023,-0.6328125,-0.14013672,0.76000977,987.374,974.0916,5.4198475,0.040039062,-0.23486328,0.94506836,999.61835,996.855,995.2519,0.0,0.0,0.0,0.0,0.0,0.0,0.0,0.0,0.0,0.0,0.0,0.0
513,1025,-0.6804199,-0.109375,0.68774414,987.3435,974.07635,5.4351144,0.10498047,-0.21582031,1.001709,999.61835,996.8855,995.2214,0.0,0.0,0.0,0.0,0.0,0.0,0.0,0.0,0.0,0.0,0.0,0.0
514,1027,-0.6328125,-0.17480469,0.76123047,987.4809,974.07635,5.5725193,0.10864258,-0.19995117,0.9885254,999.61835,996.8397,995.23663,0.0,0.0,0.0,0.0,0.0,0.0,0.0,0.0,0.0,0.0,0.0,0.0
515,1029,-0.6533203,-0.1508789,0.7565918,987.4504,973.93896,5.5725193,0.1105957,-0.22973633,0.9604492,999.542,996.80914,995.23663,0.0,0.0,0.0,0.0,0.0,0.0,0.0,0.0,0.0,0.0,0.0,0.0
516,1031,-0.6533203,-0.1508789,0.7565918,987.4504,973.93896,5.5725193,0.09692383,-0.21777344,0.96728516,999.58777,996.7023,995.23663,0.0,0.0,0.0,0.0,0.0,0.0,0.0,0.0,0.0,0.0,0.0,0.0
517,1033,-0.65893555,-0.15771484,0.7236328,987.46564,973.92365,5.633588,0.11328125,-0.21655273,0.9440918,999.7405,996.8244,995.2061,0.0,0.0,0.0,0.0,0.0,0.0,0.0,0.0,0.0,0.0,0.0,0.0
518,1035,-0.6777344,-0.10180664,0.72631836,987.52673,973.87787,5.557252,0.10522461,-0.22387695,0.9265137,999.7405,996.87024,995.084,0.0,0.0,0.0,0.0,0.0,0.0,0.0,0.0,0.0,0.0,0.0,0.0
519,1037,-0.6647949,-0.14501953,0.78808594,987.55725,973.92365,5.480916,0.076416016,-0.24267578,0.9897461,999.84735,996.8244,994.9466,0.0,0.0,0.0,0.0,0.0,0.0,0.0,0.0,0.0,0.0,0.0,0.0
520,1039,-0.61035156,-0.08569336,0.80371094,987.61835,974.01526,5.4503818,0.122558594,-0.24194336,0.96875,999.92365,996.8397,994.96185,0.0,0.0,0.0,0.0,0.0,0.0,0.0,0.0,0.0,0.0,0.0,0.0
521,1041,-0.67822266,-0.15527344,0.717041,987.64886,974.1374,5.4351144,0.1027832,-0.25317383,0.998291,999.92365,996.90076,995.05347,0.0,0.0,0.0,0.0,0.0,0.0,0.0,0.0,0.0,0.0,0.0,0.0
522,1043,-0.6516113,-0.16772461,0.79174805,987.6641,974.0611,5.389313,0.12133789,-0.19165039,0.9926758,999.9542,996.9771,995.09924,0.0,0.0,0.0,0.0,0.0,0.0,0.0,0.0,0.0,0.0,0.0,0.0
523,1045,-0.6352539,-0.15332031,0.7873535,987.78625,973.92365,5.3129773,0.07397461,-0.21948242,0.99438477,999.92365,997.03815,995.1145,0.0,0.0,0.0,0.0,0.0,0.0,0.0,0.0,0.0,0.0,0.0,0.0
524,1047,-0.66186523,-0.17700195,0.7451172,987.6336,973.98474,5.3435116,0.07543945,-0.19921875,0.95996094,999.93896,997.0687,995.084,0.0,0.0,0.0,0.0,0.0,0.0,0.0,0.0,0.0,0.0,0.0,0.0
525,1049,-0.66186523,-0.17700195,0.7451172,987.6336,973.98474,5.3435116,0.119384766,-0.24511719,0.98876953,999.9542,997.03815,995.0687,0.0,0.0,0.0,0.0,0.0,0.0,0.0,0.0,0.0,0.0,0.0,0.0
526,1051,-0.6657715,-0.1381836,0.7922363,987.58777,974.0916,5.2061067,0.123291016,-0.23852539,0.95703125,999.9084,997.03815,995.05347,0.0,0.0,0.0,0.0,0.0,0.0,0.0,0.0,0.0,0.0,0.0,0.0
527,1053,-0.6472168,-0.20214844,0.7766113,987.64886,974.0916,5.2519083,0.099853516,-0.25610352,0.9970703,999.9695,996.9924,995.03815,0.0,0.0,0.0,0.0,0.0,0.0,0.0,0.0,0.0,0.0,0.0,0.0
528,1055,-0.64868164,-0.18115234,0.7648926,987.64886,974.0611,5.374046,0.095214844,-0.22290039,0.9736328,1000.01526,997.0229,995.03815,0.0,0.0,0.0,0.0,0.0,0.0,0.0,0.0,0.0,0.0,0.0,0.0
529,1057,-0.6218262,-0.13110352,0.7746582,987.542,973.9695,5.4351144,0.13696289,-0.25317383,0.9362793,1000.07635,997.084,994.9924,0.0,0.0,0.0,0.0,0.0,0.0,0.0,0.0,0.0,0.0,0.0,0.0
530,1059,-0.6845703,-0.13623047,0.751709,987.46564,973.92365,5.4503818,0.08496094,-0.20776367,0.9770508,1000.07635,997.0687,995.0229,0.0,0.0,0.0,0.0,0.0,0.0,0.0,0.0,0.0,0.0,0.0,0.0
531,1061,-0.68774414,-0.16064453,0.72314453,987.4809,973.93896,5.4351144,0.06982422,-0.22753906,1.0036621,1000.12213,997.0687,995.145,0.0,0.0,0.0,0.0,0.0,0.0,0.0,0.0,0.0,0.0,0.0,0.0
532,1063,-0.6838379,-0.1772461,0.76831055,987.4046,973.92365,5.389313,0.08129883,-0.2631836,1.0236816,1000.12213,997.09924,995.145,0.0,0.0,0.0,0.0,0.0,0.0,0.0,0.0,0.0,0.0,0.0,0.0
533,1065,-0.63500977,-0.11010742,0.7192383,987.374,974.07635,5.4961834,0.091308594,-0.24560547,0.9694824,1000.21375,997.12976,995.12976,0.0,0.0,0.0,0.0,0.0,0.0,0.0,0.0,0.0,0.0,0.0,0.0
534,1067,-0.6320801,-0.14575195,0.7314453,987.374,974.15265,5.587786,0.12719727,-0.2097168,0.9460449,1000.21375,997.0687,995.145,0.0,0.0,0.0,0.0,0.0,0.0,0.0,0.0,0.0,0.0,0.0,0.0
535,1069,-0.63549805,-0.12719727,0.7836914,987.4046,974.1069,5.6793895,0.07885742,-0.20922852,0.98779297,1000.1985,997.084,995.084,0.0,0.0,0.0,0.0,0.0,0.0,0.0,0.0,0.0,0.0,0.0,0.0
536,1071,-0.65625,-0.15649414,0.73095703,987.374,974.01526,5.816794,0.06982422,-0.18530273,1.0004883,1000.24426,997.05347,995.05347,0.0,0.0,0.0,0.0,0.0,0.0,0.0,0.0,0.0,0.0,0.0,0.0
537,1073,-0.62475586,-0.16333008,0.77612305,987.3435,973.98474,5.8320613,0.14331055,-0.19482422,0.9970703,1000.3206,997.084,995.0687,0.0,0.0,0.0,0.0,0.0,0.0,0.0,0.0,0.0,0.0,0.0,0.0
538,1075,-0.6381836,-0.11254883,0.67822266,987.374,974.01526,5.7862597,0.12548828,-0.20947266,0.9614258,1000.2901,997.0229,995.12976,0.0,0.0,0.0,0.0,0.0,0.0,0.0,0.0,0.0,0.0,0.0,0.0
539,1077,-0.6542969,-0.14013672,0.8027344,987.41986,974.0305,5.6793895,0.07055664,-0.18579102,0.95703125,1000.229,997.0076,995.19086,0.0,0.0,0.0,0.0,0.0,0.0,0.0,0.0,0.0,0.0,0.0,0.0
540,1079,-0.64575195,-0.11328125,0.8095703,987.52673,974.15265,5.6183205,7.324219E-4,-0.2109375,0.9658203,1000.16797,997.03815,995.2519,0.0,0.0,0.0,0.0,0.0,0.0,0.0,0.0,0.0,0.0,0.0,0.0
541,1081,-0.65722656,-0.15576172,0.74975586,987.4504,974.1832,5.648855,0.11425781,-0.19189453,1.0109863,1000.1832,997.084,995.1603,0.0,0.0,0.0,0.0,0.0,0.0,0.0,0.0,0.0,0.0,0.0,0.0
542,1083,-0.6777344,-0.1484375,0.7758789,987.35876,974.16797,5.648855,0.11450195,-0.17529297,1.0075684,1000.16797,997.03815,995.12976,0.0,0.0,0.0,0.0,0.0,0.0,0.0,0.0,0.0,0.0,0.0,0.0
543,1085,-0.7080078,-0.10253906,0.7512207,987.374,973.9695,5.557252,0.103759766,-0.2619629,1.0305176,1000.16797,996.9313,995.0229,0.0,0.0,0.0,0.0,0.0,0.0,0.0,0.0,0.0,0.0,0.0,0.0
544,1087,-0.69506836,-0.14355469,0.7446289,987.3435,973.9695,5.5725193,0.111083984,-0.25585938,0.9626465,1000.21375,996.96185,994.9924,0.0,0.0,0.0,0.0,0.0,0.0,0.0,0.0,0.0,0.0,0.0,0.0
545,1089,-0.6594238,-0.14770508,0.7463379,987.2977,974.01526,5.5419846,0.09716797,-0.23217773,0.9523926,1000.24426,996.96185,995.0229,0.0,0.0,0.0,0.0,0.0,0.0,0.0,0.0,0.0,0.0,0.0,0.0
546,1091,-0.7072754,-0.1459961,0.7480469,987.3435,974.0458,5.5725193,0.072753906,-0.14770508,0.96191406,1000.2901,996.8244,995.03815,0.0,0.0,0.0,0.0,0.0,0.0,0.0,0.0,0.0,0.0,0.0,0.0
547,1093,-0.6374512,-0.14135742,0.7717285,987.32825,974.15265,5.5725193,0.084228516,-0.23828125,0.96191406,1000.3206,996.7176,995.0229,0.0,0.0,0.0,0.0,0.0,0.0,0.0,0.0,0.0,0.0,0.0,0.0
548,1095,-0.66430664,-0.1628418,0.74194336,987.32825,974.0458,5.4503818,0.09643555,-0.203125,0.98095703,1000.35114,996.855,995.0687,0.0,0.0,0.0,0.0,0.0,0.0,0.0,0.0,0.0,0.0,0.0,0.0
549,1097,-0.65478516,-0.15454102,0.7697754,987.374,974.1069,5.5114503,0.08227539,-0.17407227,0.9868164,1000.27484,996.8397,995.12976,0.0,0.0,0.0,0.0,0.0,0.0,0.0,0.0,0.0,0.0,0.0,0.0
550,1099,-0.6550293,-0.19750977,0.7495117,987.38934,974.21375,5.5267177,0.13476562,-0.1628418,0.9667969,1000.16797,996.8397,995.1145,0.0,0.0,0.0,0.0,0.0,0.0,0.0,0.0,0.0,0.0,0.0,0.0
